{
    "x_MAP": [
        0.0,
        0.5,
        1.0,
        1.5,
        2.0,
        2.5,
        3.0,
        3.5,
        4.0,
        4.5,
        5.0,
        5.5,
        6.0,
        6.5,
        7.0,
        7.5,
        7.6
    ],
    "y_MAP": [
        0.12299505200127775,
        0.09744600632908476,
        0.0752323268712176,
        0.0565990300645773,
        0.040433522039347705,
        0.02814739464453595,
        0.01860642434215985,
        0.011679270855560687,
        0.006783606914108303,
        0.0035527266826243264,
        0.0016777185295673398,
        0.0007331089800444447,
        0.0003203450204250928,
        0.00012952677443553274,
        4.3696780307570616e-05,
        1.3640536771754914e-05,
        1e-05
    ],
    "x_NN": [
        0,
        0.6151980448358363,
        1.2773130026738686,
        1.9940961281304668,
        2.775393958003867,
        3.633978951957732,
        4.5868374895000645,
        5.657255233000498,
        6.878377020609685,
        8.299701720649995,
        10,
        10,
        10,
        10,
        10,
        10,
        10
    ],
    "y_Adadelta": [
        0.215188625,
        0.192543875,
        0.168744125,
        0.144599625,
        0.120897125,
        0.09865375,
        0.079228125,
        0.06374075,
        0.0528685,
        0.046204875,
        0.042402875,
        0.042402875,
        0.042402875,
        0.042402875,
        0.042402875,
        0.042402875,
        0.042402875
    ],
    "y_Adagrad": [
        0.158113875,
        0.129699125,
        0.10115275,
        0.07369625,
        0.048893,
        0.028488875,
        0.013842625,
        0.00516225,
        0.00126475,
        0.00016175,
        5.875e-06,
        5.875e-06,
        5.875e-06,
        5.875e-06,
        5.875e-06,
        5.875e-06,
        5.875e-06
    ],
    "y_Adam": [
        0.12737475,
        0.098037,
        0.070077875,
        0.04532875,
        0.025443125,
        0.011680125,
        0.004010375,
        0.00086075,
        8.2625e-05,
        2.125e-06,
        1.25e-07,
        1.25e-07,
        1.25e-07,
        1.25e-07,
        1.25e-07,
        1.25e-07,
        1.25e-07
    ],
    "y_Adamax": [
        0.12917125,
        0.099932625,
        0.071912125,
        0.046840375,
        0.026595875,
        0.012379375,
        0.004287625,
        0.000947875,
        9.6375e-05,
        2.75e-06,
        0,
        0,
        0,
        0,
        0,
        0,
        0
    ],
    "y_Nadam": [
        0.128633625,
        0.099229,
        0.071203,
        0.046232,
        0.0261,
        0.012139125,
        0.00414825,
        0.000896375,
        9.0125e-05,
        2.25e-06,
        0,
        0,
        0,
        0,
        0,
        0,
        0
    ],
    "y_RMSprop": [
        0.133676375,
        0.104330875,
        0.076061,
        0.05038675,
        0.02938575,
        0.01429375,
        0.005319625,
        0.001315,
        0.000183,
        1.2e-05,
        2.5e-07,
        2.5e-07,
        2.5e-07,
        2.5e-07,
        2.5e-07,
        2.5e-07,
        2.5e-07
    ],
    "y_SGD": [
        0.2059065,
        0.181637375,
        0.15632825,
        0.130593625,
        0.10516475,
        0.081591,
        0.061098,
        0.044967125,
        0.033646,
        0.026534125,
        0.0220475,
        0.0220475,
        0.0220475,
        0.0220475,
        0.0220475,
        0.0220475,
        0.0220475
    ]
}