{
    "x_MAP": [
        0.0,
        0.5,
        1.0,
        1.5,
        2.0,
        2.5,
        3.0,
        3.5,
        4.0,
        4.5,
        5.0,
        5.5,
        6.0,
        6.5,
        7.0,
        7.5,
        8.0,
        8.6
    ],
    "y_MAP": [
        0.13998045980139506,
        0.1109031343115594,
        0.08562178344582902,
        0.06610354022862211,
        0.04722340555418245,
        0.032874104593189374,
        0.02230050032134791,
        0.013998045980139498,
        0.008562178344582902,
        0.004973123145824382,
        0.002814739464453597,
        0.0015524271734347938,
        0.0008343500851569782,
        0.0004601732276513802,
        0.0002063510777876421,
        9.495724149488017e-05,
        4.149325720214717e-05,
        1e-05
    ],
    "x_NN": [
        0,
        0.6151980448358363,
        1.2773130026738686,
        1.9940961281304668,
        2.775393958003867,
        3.633978951957732,
        4.5868374895000645,
        5.657255233000498,
        6.878377020609685,
        8.299701720649995,
        10,
        10,
        10,
        10,
        10,
        10,
        10,
        10
    ],
    "y_Adadelta": [
        0.2352545,
        0.20513675,
        0.1724485,
        0.138034375,
        0.103384125,
        0.070590125,
        0.0422125,
        0.020862625,
        0.0078305,
        0.001901,
        0.000241,
        0.000241,
        0.000241,
        0.000241,
        0.000241,
        0.000241,
        0.000241,
        0.000241
    ],
    "y_Adagrad": [
        0.234538125,
        0.204391625,
        0.171720375,
        0.137239875,
        0.102599125,
        0.0698485,
        0.04137525,
        0.020261625,
        0.007442625,
        0.001792,
        0.0002205,
        0.0002205,
        0.0002205,
        0.0002205,
        0.0002205,
        0.0002205,
        0.0002205,
        0.0002205
    ],
    "y_Adam": [
        0.218985875,
        0.182568125,
        0.144372875,
        0.10609275,
        0.070450125,
        0.040857625,
        0.019694875,
        0.0073805,
        0.001993,
        0.000356125,
        3.2125e-05,
        3.2125e-05,
        3.2125e-05,
        3.2125e-05,
        3.2125e-05,
        3.2125e-05,
        3.2125e-05,
        3.2125e-05
    ],
    "y_Adamax": [
        0.21809425,
        0.183739125,
        0.14728875,
        0.11032975,
        0.075249125,
        0.045042625,
        0.022490125,
        0.008708125,
        0.00236075,
        0.0003935,
        3.375e-05,
        3.375e-05,
        3.375e-05,
        3.375e-05,
        3.375e-05,
        3.375e-05,
        3.375e-05,
        3.375e-05
    ],
    "y_Nadam": [
        0.217328,
        0.181376625,
        0.14332625,
        0.105331875,
        0.070040625,
        0.040452375,
        0.019347625,
        0.007105875,
        0.001846375,
        0.00029025,
        2.225e-05,
        2.225e-05,
        2.225e-05,
        2.225e-05,
        2.225e-05,
        2.225e-05,
        2.225e-05,
        2.225e-05
    ],
    "y_RMSprop": [
        0.221890625,
        0.188762625,
        0.153291875,
        0.116989625,
        0.081723875,
        0.0506645,
        0.026545625,
        0.010949625,
        0.0032105,
        0.00060525,
        6.1375e-05,
        6.1375e-05,
        6.1375e-05,
        6.1375e-05,
        6.1375e-05,
        6.1375e-05,
        6.1375e-05,
        6.1375e-05
    ],
    "y_SGD": [
        0.23102525,
        0.2003835,
        0.1671895,
        0.132549,
        0.0977575,
        0.065315375,
        0.03793575,
        0.017943,
        0.006318375,
        0.00143425,
        0.000169375,
        0.000169375,
        0.000169375,
        0.000169375,
        0.000169375,
        0.000169375,
        0.000169375,
        0.000169375
    ]
}