{
    "x_MAP": [
        0.0,
        0.5,
        1.0,
        1.5,
        2.0,
        2.5,
        3.0,
        3.5,
        4.0,
        4.5,
        5.0,
        5.5,
        6.0,
        6.5,
        7.0,
        7.5,
        7.6
    ],
    "y_MAP": [
        0.12299505200127775,
        0.09744600632908476,
        0.0752323268712176,
        0.0565990300645773,
        0.040433522039347705,
        0.02814739464453595,
        0.01860642434215985,
        0.011679270855560687,
        0.006783606914108303,
        0.0035527266826243264,
        0.0016777185295673398,
        0.0007331089800444447,
        0.0003203450204250928,
        0.00012952677443553274,
        4.3696780307570616e-05,
        1.3640536771754914e-05,
        1e-05
    ],
    "x_NN": [
        0,
        0.6151980448358363,
        1.2773130026738686,
        1.9940961281304668,
        2.775393958003867,
        3.633978951957732,
        4.5868374895000645,
        5.657255233000498,
        6.878377020609685,
        8.299701720649995,
        10,
        10,
        10,
        10,
        10,
        10,
        10
    ],
    "y_Adadelta": [
        0.149358125,
        0.121064125,
        0.092999875,
        0.066389125,
        0.043033625,
        0.02440025,
        0.011530875,
        0.004200875,
        0.00105725,
        0.000152,
        8.125e-06,
        8.125e-06,
        8.125e-06,
        8.125e-06,
        8.125e-06,
        8.125e-06,
        8.125e-06
    ],
    "y_Adagrad": [
        0.138379875,
        0.109448625,
        0.081316625,
        0.0556085,
        0.033924875,
        0.0176385,
        0.007369,
        0.002232625,
        0.000431875,
        4.0375e-05,
        1.625e-06,
        1.625e-06,
        1.625e-06,
        1.625e-06,
        1.625e-06,
        1.625e-06,
        1.625e-06
    ],
    "y_Adam": [
        0.125901,
        0.096620375,
        0.068713,
        0.044017625,
        0.024497125,
        0.011117625,
        0.003714,
        0.000766,
        6.925e-05,
        1.75e-06,
        0,
        0,
        0,
        0,
        0,
        0,
        0
    ],
    "y_Adamax": [
        0.127862375,
        0.098489125,
        0.0704645,
        0.04553125,
        0.02561675,
        0.01173675,
        0.003950625,
        0.000830375,
        7.6125e-05,
        2.375e-06,
        0,
        0,
        0,
        0,
        0,
        0,
        0
    ],
    "y_Nadam": [
        0.1266515,
        0.097379625,
        0.06947875,
        0.0447165,
        0.025071875,
        0.011446,
        0.003871875,
        0.000807375,
        7.5875e-05,
        1.625e-06,
        0,
        0,
        0,
        0,
        0,
        0,
        0
    ],
    "y_RMSprop": [
        0.13043175,
        0.1011635,
        0.07299525,
        0.047806875,
        0.027411875,
        0.013035875,
        0.00472425,
        0.001140875,
        0.0001575,
        1.125e-05,
        5e-07,
        5e-07,
        5e-07,
        5e-07,
        5e-07,
        5e-07,
        5e-07
    ],
    "y_SGD": [
        0.1427025,
        0.113973125,
        0.0858095,
        0.0596785,
        0.037371875,
        0.020138875,
        0.008983375,
        0.002993,
        0.00065075,
        7.6875e-05,
        2.375e-06,
        2.375e-06,
        2.375e-06,
        2.375e-06,
        2.375e-06,
        2.375e-06,
        2.375e-06
    ]
}