{
    "x_MAP": [
        0.0,
        0.5,
        1.0,
        1.5,
        2.0,
        2.5,
        3.0,
        3.5,
        4.0,
        4.5,
        5.0,
        5.5,
        6.0,
        6.5,
        7.0,
        7.5,
        8.0,
        8.6
    ],
    "y_MAP": [
        0.13998045980139506,
        0.1109031343115594,
        0.08562178344582902,
        0.06610354022862211,
        0.04722340555418245,
        0.032874104593189374,
        0.02230050032134791,
        0.013998045980139498,
        0.008562178344582902,
        0.004973123145824382,
        0.002814739464453597,
        0.0015524271734347938,
        0.0008343500851569782,
        0.0004601732276513802,
        0.0002063510777876421,
        9.495724149488017e-05,
        4.149325720214717e-05,
        1e-05
    ],
    "x_NN": [
        0,
        0.6151980448358363,
        1.2773130026738686,
        1.9940961281304668,
        2.775393958003867,
        3.633978951957732,
        4.5868374895000645,
        5.657255233000498,
        6.878377020609685,
        8.299701720649995,
        10,
        10,
        10,
        10,
        10,
        10,
        10,
        10
    ],
    "y_Adadelta": [
        0.2495505,
        0.221936,
        0.191457625,
        0.158757625,
        0.124906625,
        0.09125625,
        0.060086625,
        0.03404925,
        0.0154655,
        0.005098125,
        0.001040375,
        0.001040375,
        0.001040375,
        0.001040375,
        0.001040375,
        0.001040375,
        0.001040375,
        0.001040375
    ],
    "y_Adagrad": [
        0.240339875,
        0.2113295,
        0.179705375,
        0.146059125,
        0.111647375,
        0.0784405,
        0.048951125,
        0.02571075,
        0.010508375,
        0.002982,
        0.00048875,
        0.00048875,
        0.00048875,
        0.00048875,
        0.00048875,
        0.00048875,
        0.00048875,
        0.00048875
    ],
    "y_Adam": [
        0.218943375,
        0.184007,
        0.146991,
        0.109652375,
        0.07435525,
        0.044222625,
        0.02184575,
        0.008398625,
        0.002311,
        0.0004065,
        3.3375e-05,
        3.3375e-05,
        3.3375e-05,
        3.3375e-05,
        3.3375e-05,
        3.3375e-05,
        3.3375e-05,
        3.3375e-05
    ],
    "y_Adamax": [
        0.221676625,
        0.188857375,
        0.15379075,
        0.117820875,
        0.083005125,
        0.0518905,
        0.027417625,
        0.011416625,
        0.003401875,
        0.00061325,
        5.4625e-05,
        5.4625e-05,
        5.4625e-05,
        5.4625e-05,
        5.4625e-05,
        5.4625e-05,
        5.4625e-05,
        5.4625e-05
    ],
    "y_Nadam": [
        0.221303125,
        0.18718925,
        0.150687875,
        0.113428625,
        0.078092,
        0.04733625,
        0.02409975,
        0.009603125,
        0.002753625,
        0.000501625,
        5.1875e-05,
        5.1875e-05,
        5.1875e-05,
        5.1875e-05,
        5.1875e-05,
        5.1875e-05,
        5.1875e-05,
        5.1875e-05
    ],
    "y_RMSprop": [
        0.230806,
        0.199798375,
        0.166210125,
        0.131196375,
        0.09628125,
        0.0637985,
        0.036657,
        0.01713675,
        0.005953375,
        0.001344125,
        0.0001735,
        0.0001735,
        0.0001735,
        0.0001735,
        0.0001735,
        0.0001735,
        0.0001735,
        0.0001735
    ],
    "y_SGD": [
        0.24556125,
        0.21713275,
        0.186248125,
        0.153126625,
        0.118889625,
        0.08540075,
        0.05487425,
        0.03017275,
        0.0131955,
        0.004095625,
        0.00076375,
        0.00076375,
        0.00076375,
        0.00076375,
        0.00076375,
        0.00076375,
        0.00076375,
        0.00076375
    ]
}