{
    "x_MAP": [
        0.0,
        0.5,
        1.0,
        1.5,
        2.0,
        2.5,
        3.0,
        3.5,
        4.0,
        4.5,
        5.0,
        5.5,
        6.0,
        6.5,
        7.0,
        7.5,
        8.0,
        8.6
    ],
    "y_MAP": [
        0.13998045980139506,
        0.1109031343115594,
        0.08562178344582902,
        0.06610354022862211,
        0.04722340555418245,
        0.032874104593189374,
        0.02230050032134791,
        0.013998045980139498,
        0.008562178344582902,
        0.004973123145824382,
        0.002814739464453597,
        0.0015524271734347938,
        0.0008343500851569782,
        0.0004601732276513802,
        0.0002063510777876421,
        9.495724149488017e-05,
        4.149325720214717e-05,
        1e-05
    ],
    "x_NN": [
        0,
        0.6151980448358363,
        1.2773130026738686,
        1.9940961281304668,
        2.775393958003867,
        3.633978951957732,
        4.5868374895000645,
        5.657255233000498,
        6.878377020609685,
        8.299701720649995,
        10,
        10,
        10,
        10,
        10,
        10,
        10,
        10
    ],
    "y_Adadelta": [
        0.27388325,
        0.25025275,
        0.224112,
        0.19541575,
        0.164743,
        0.13265975,
        0.10050925,
        0.06988325,
        0.04328425,
        0.022805,
        0.00973475,
        0.00973475,
        0.00973475,
        0.00973475,
        0.00973475,
        0.00973475,
        0.00973475,
        0.00973475
    ],
    "y_Adagrad": [
        0.25282675,
        0.225767375,
        0.195954625,
        0.16387225,
        0.130395875,
        0.09692875,
        0.065473875,
        0.03853025,
        0.018681125,
        0.006722875,
        0.001574125,
        0.001574125,
        0.001574125,
        0.001574125,
        0.001574125,
        0.001574125,
        0.001574125,
        0.001574125
    ],
    "y_Adam": [
        0.223426125,
        0.189977875,
        0.154169,
        0.117416,
        0.082027875,
        0.050837125,
        0.02666775,
        0.01101475,
        0.003261125,
        0.000602625,
        5.4625e-05,
        5.4625e-05,
        5.4625e-05,
        5.4625e-05,
        5.4625e-05,
        5.4625e-05,
        5.4625e-05,
        5.4625e-05
    ],
    "y_Adamax": [
        0.23029925,
        0.19936175,
        0.16576875,
        0.130702375,
        0.09574025,
        0.063371375,
        0.03624775,
        0.0169385,
        0.005887375,
        0.0013375,
        0.00016925,
        0.00016925,
        0.00016925,
        0.00016925,
        0.00016925,
        0.00016925,
        0.00016925,
        0.00016925
    ],
    "y_Nadam": [
        0.225954,
        0.19277125,
        0.1573455,
        0.120625,
        0.084917125,
        0.053125125,
        0.028269625,
        0.011956125,
        0.003688125,
        0.000737,
        8.3e-05,
        8.3e-05,
        8.3e-05,
        8.3e-05,
        8.3e-05,
        8.3e-05,
        8.3e-05,
        8.3e-05
    ],
    "y_RMSprop": [
        0.237739375,
        0.208013,
        0.1757995,
        0.14172475,
        0.107104375,
        0.073947375,
        0.044956,
        0.022745125,
        0.008800125,
        0.002299,
        0.000333875,
        0.000333875,
        0.000333875,
        0.000333875,
        0.000333875,
        0.000333875,
        0.000333875,
        0.000333875
    ],
    "y_SGD": [
        0.266977625,
        0.242189625,
        0.214666125,
        0.18480775,
        0.152743,
        0.119734375,
        0.08714075,
        0.057118,
        0.032358375,
        0.01482025,
        0.00495875,
        0.00495875,
        0.00495875,
        0.00495875,
        0.00495875,
        0.00495875,
        0.00495875,
        0.00495875
    ]
}