{
    "x_MAP": [
        0.0,
        0.5,
        1.0,
        1.5,
        2.0,
        2.5,
        3.0,
        3.5,
        4.0,
        4.5,
        5.0,
        5.5,
        6.0,
        6.5,
        7.0,
        7.5,
        7.6
    ],
    "y_MAP": [
        0.12299505200127775,
        0.09744600632908476,
        0.0752323268712176,
        0.0565990300645773,
        0.040433522039347705,
        0.02814739464453595,
        0.01860642434215985,
        0.011679270855560687,
        0.006783606914108303,
        0.0035527266826243264,
        0.0016777185295673398,
        0.0007331089800444447,
        0.0003203450204250928,
        0.00012952677443553274,
        4.3696780307570616e-05,
        1.3640536771754914e-05,
        1e-05
    ],
    "x_NN": [
        0,
        0.6151980448358363,
        1.2773130026738686,
        1.9940961281304668,
        2.775393958003867,
        3.633978951957732,
        4.5868374895000645,
        5.657255233000498,
        6.878377020609685,
        8.299701720649995,
        10,
        10,
        10,
        10,
        10,
        10,
        10
    ],
    "y_Adadelta": [
        0.131509625,
        0.1022775,
        0.074265625,
        0.04900525,
        0.028407625,
        0.013715125,
        0.00514175,
        0.0013105,
        0.000195625,
        1.5625e-05,
        8.75e-07,
        8.75e-07,
        8.75e-07,
        8.75e-07,
        8.75e-07,
        8.75e-07,
        8.75e-07
    ],
    "y_Adagrad": [
        0.1320795,
        0.10273625,
        0.0745925,
        0.049327,
        0.028539125,
        0.01370575,
        0.005081125,
        0.001247,
        0.000172125,
        1.05e-05,
        2.5e-07,
        2.5e-07,
        2.5e-07,
        2.5e-07,
        2.5e-07,
        2.5e-07,
        2.5e-07
    ],
    "y_Adam": [
        0.12603025,
        0.09664825,
        0.06880475,
        0.0440475,
        0.024533625,
        0.011104625,
        0.00369525,
        0.0007425,
        6.3375e-05,
        1.75e-06,
        0,
        0,
        0,
        0,
        0,
        0,
        0
    ],
    "y_Adamax": [
        0.126014875,
        0.09665825,
        0.068811125,
        0.044086,
        0.02450175,
        0.01103025,
        0.00364625,
        0.00074375,
        6e-05,
        1.5e-06,
        0,
        0,
        0,
        0,
        0,
        0,
        0
    ],
    "y_Nadam": [
        0.126111625,
        0.096779375,
        0.06894975,
        0.04432725,
        0.024731625,
        0.01125,
        0.0037485,
        0.00077,
        6.5375e-05,
        1.625e-06,
        0,
        0,
        0,
        0,
        0,
        0,
        0
    ],
    "y_RMSprop": [
        0.128695625,
        0.09930875,
        0.071224,
        0.046119375,
        0.0259525,
        0.011897,
        0.004015125,
        0.000851125,
        7.3e-05,
        2e-06,
        0,
        0,
        0,
        0,
        0,
        0,
        0
    ],
    "y_SGD": [
        0.1315365,
        0.10229125,
        0.0741935,
        0.048885375,
        0.02828775,
        0.01361225,
        0.005028375,
        0.001256375,
        0.000179125,
        1.3625e-05,
        8.75e-07,
        8.75e-07,
        8.75e-07,
        8.75e-07,
        8.75e-07,
        8.75e-07,
        8.75e-07
    ]
}