{
    "x_MAP": [
        0.0,
        0.5,
        1.0,
        1.5,
        2.0,
        2.5,
        3.0,
        3.5,
        4.0,
        4.5,
        5.0,
        5.5,
        6.0,
        6.5,
        7.0,
        7.5,
        7.6
    ],
    "y_MAP": [
        0.12299505200127775,
        0.09744600632908476,
        0.0752323268712176,
        0.0565990300645773,
        0.040433522039347705,
        0.02814739464453595,
        0.01860642434215985,
        0.011679270855560687,
        0.006783606914108303,
        0.0035527266826243264,
        0.0016777185295673398,
        0.0007331089800444447,
        0.0003203450204250928,
        0.00012952677443553274,
        4.3696780307570616e-05,
        1.3640536771754914e-05,
        1e-05
    ],
    "x_NN": [
        0.0,
        0.615,
        1.277,
        1.994,
        2.775,
        3.634,
        4.587,
        5.657,
        6.878,
        8.3,
        10.0,
        10.0,
        10.0,
        10.0,
        10.0,
        10.0,
        10.0
    ],
    "y_Adadelta": [
        0.139008375,
        0.110185125,
        0.08199275,
        0.0560775,
        0.03416125,
        0.017699875,
        0.007332,
        0.00217125,
        0.00039525,
        3.725e-05,
        1.375e-06,
        1.375e-06,
        1.375e-06,
        1.375e-06,
        1.375e-06,
        1.375e-06,
        1.375e-06
    ],
    "y_Adagrad": [
        0.129884625,
        0.100662,
        0.07272325,
        0.047631,
        0.027263,
        0.012881,
        0.004594125,
        0.00106325,
        0.0001235,
        5.875e-06,
        0.0,
        0.0,
        0.0,
        0.0,
        0.0,
        0.0,
        0.0
    ],
    "y_Adam": [
        0.12508975,
        0.095840875,
        0.06806225,
        0.043546875,
        0.02418575,
        0.01087825,
        0.003570625,
        0.0007235,
        5.6375e-05,
        1.125e-06,
        0.0,
        0.0,
        0.0,
        0.0,
        0.0,
        0.0,
        0.0
    ],
    "y_Adamax": [
        0.124727875,
        0.0953745,
        0.067678,
        0.043237125,
        0.0239305,
        0.010728875,
        0.00352925,
        0.000698375,
        6.1125e-05,
        1.375e-06,
        0.0,
        0.0,
        0.0,
        0.0,
        0.0,
        0.0,
        0.0
    ],
    "y_Nadam": [
        0.125179625,
        0.0957255,
        0.06805975,
        0.043490625,
        0.02413125,
        0.010875125,
        0.003584875,
        0.000710875,
        5.95e-05,
        1.75e-06,
        0.0,
        0.0,
        0.0,
        0.0,
        0.0,
        0.0,
        0.0
    ],
    "y_RMSprop": [
        0.126180375,
        0.0969315,
        0.069067125,
        0.044329625,
        0.02470325,
        0.011183375,
        0.00370675,
        0.000761375,
        6.4875e-05,
        2e-06,
        0.0,
        0.0,
        0.0,
        0.0,
        0.0,
        0.0,
        0.0
    ],
    "y_SGD": [
        0.135892125,
        0.106911375,
        0.078811375,
        0.05320875,
        0.031877,
        0.016097,
        0.00641275,
        0.001790125,
        0.000291625,
        2.2375e-05,
        1e-06,
        1e-06,
        1e-06,
        1e-06,
        1e-06,
        1e-06,
        1e-06
    ]
}