{
    "x_MAP": [
        0.0,
        0.5,
        1.0,
        1.5,
        2.0,
        2.5,
        3.0,
        3.5,
        4.0,
        4.5,
        5.0,
        5.5,
        6.0,
        6.5,
        7.0,
        7.5,
        8.0,
        8.6
    ],
    "y_MAP": [
        0.13998045980139506,
        0.1109031343115594,
        0.08562178344582902,
        0.06610354022862211,
        0.04722340555418245,
        0.032874104593189374,
        0.02230050032134791,
        0.013998045980139498,
        0.008562178344582902,
        0.004973123145824382,
        0.002814739464453597,
        0.0015524271734347938,
        0.0008343500851569782,
        0.0004601732276513802,
        0.0002063510777876421,
        9.495724149488017e-05,
        4.149325720214717e-05,
        1e-05
    ],
    "x_NN": [
        0.0,
        0.615,
        1.277,
        1.994,
        2.775,
        3.634,
        4.587,
        5.657,
        6.878,
        8.3,
        10.0,
        10.0,
        10.0,
        10.0,
        10.0,
        10.0,
        10.0,
        10.0
    ],
    "y_Adadelta": [
        0.206871,
        0.17513175,
        0.141609,
        0.10759825,
        0.074984875,
        0.046208,
        0.0238875,
        0.009567,
        0.002606875,
        0.00038825,
        2.2375e-05,
        2.2375e-05,
        2.2375e-05,
        2.2375e-05,
        2.2375e-05,
        2.2375e-05,
        2.2375e-05,
        2.2375e-05
    ],
    "y_Adagrad": [
        0.19744075,
        0.164631125,
        0.130577,
        0.096501375,
        0.064828,
        0.0380285,
        0.018323125,
        0.00660225,
        0.001583875,
        0.000199875,
        9e-06,
        9e-06,
        9e-06,
        9e-06,
        9e-06,
        9e-06,
        9e-06,
        9e-06
    ],
    "y_Adam": [
        0.168519125,
        0.132065,
        0.096203625,
        0.06372075,
        0.037175,
        0.01810025,
        0.007018625,
        0.00207825,
        0.000419625,
        5.725e-05,
        2.75e-06,
        2.75e-06,
        2.75e-06,
        2.75e-06,
        2.75e-06,
        2.75e-06,
        2.75e-06,
        2.75e-06
    ],
    "y_Adamax": [
        0.171758125,
        0.136562875,
        0.1015375,
        0.068778,
        0.04100525,
        0.02054475,
        0.008144,
        0.0023385,
        0.000455,
        4.275e-05,
        1e-06,
        1e-06,
        1e-06,
        1e-06,
        1e-06,
        1e-06,
        1e-06,
        1e-06
    ],
    "y_Nadam": [
        0.16822425,
        0.1315285,
        0.095694875,
        0.063267125,
        0.036779125,
        0.017836875,
        0.006955125,
        0.00207,
        0.000427375,
        5.0625e-05,
        2.5e-06,
        2.5e-06,
        2.5e-06,
        2.5e-06,
        2.5e-06,
        2.5e-06,
        2.5e-06,
        2.5e-06
    ],
    "y_RMSprop": [
        0.179822875,
        0.145385375,
        0.1103385,
        0.076918625,
        0.047629125,
        0.02486225,
        0.010300875,
        0.003086875,
        0.000593125,
        6.15e-05,
        3.25e-06,
        3.25e-06,
        3.25e-06,
        3.25e-06,
        3.25e-06,
        3.25e-06,
        3.25e-06,
        3.25e-06
    ],
    "y_SGD": [
        0.20249925,
        0.1703805,
        0.136584375,
        0.102562375,
        0.070361125,
        0.04232775,
        0.021241375,
        0.008116625,
        0.002075875,
        0.000284625,
        1.5125e-05,
        1.5125e-05,
        1.5125e-05,
        1.5125e-05,
        1.5125e-05,
        1.5125e-05,
        1.5125e-05,
        1.5125e-05
    ]
}