{
    "x_MAP": [
        0.0,
        0.5,
        1.0,
        1.5,
        2.0,
        2.5,
        3.0,
        3.5,
        4.0,
        4.5,
        5.0,
        5.5,
        6.0,
        6.5,
        7.0,
        7.5,
        8.0,
        8.6
    ],
    "y_MAP": [
        0.13998045980139506,
        0.1109031343115594,
        0.08562178344582902,
        0.06610354022862211,
        0.04722340555418245,
        0.032874104593189374,
        0.02230050032134791,
        0.013998045980139498,
        0.008562178344582902,
        0.004973123145824382,
        0.002814739464453597,
        0.0015524271734347938,
        0.0008343500851569782,
        0.0004601732276513802,
        0.0002063510777876421,
        9.495724149488017e-05,
        4.149325720214717e-05,
        1e-05
    ],
    "x_NN": [
        0,
        0.6151980448358363,
        1.2773130026738686,
        1.9940961281304668,
        2.775393958003867,
        3.633978951957732,
        4.5868374895000645,
        5.657255233000498,
        6.878377020609685,
        8.299701720649995,
        10,
        10,
        10,
        10,
        10,
        10,
        10,
        10
    ],
    "y_Adadelta": [
        0.171131,
        0.137768125,
        0.104352375,
        0.07267125,
        0.045010125,
        0.023635125,
        0.009827,
        0.002929125,
        0.00054725,
        5.225e-05,
        2.5e-06,
        2.5e-06,
        2.5e-06,
        2.5e-06,
        2.5e-06,
        2.5e-06,
        2.5e-06,
        2.5e-06
    ],
    "y_Adagrad": [
        0.161352375,
        0.127855875,
        0.09477175,
        0.064129375,
        0.038221625,
        0.019118375,
        0.007525625,
        0.00215725,
        0.000399,
        3.7875e-05,
        1e-06,
        1e-06,
        1e-06,
        1e-06,
        1e-06,
        1e-06,
        1e-06,
        1e-06
    ],
    "y_Adam": [
        0.15087175,
        0.116138875,
        0.082982625,
        0.053706375,
        0.0305815,
        0.014616375,
        0.00568775,
        0.00169375,
        0.0003785,
        5.225e-05,
        3.25e-06,
        3.25e-06,
        3.25e-06,
        3.25e-06,
        3.25e-06,
        3.25e-06,
        3.25e-06,
        3.25e-06
    ],
    "y_Adamax": [
        0.146612375,
        0.112565125,
        0.0804325,
        0.0519815,
        0.029430875,
        0.013972125,
        0.00528325,
        0.001537375,
        0.00030825,
        2.575e-05,
        1.375e-06,
        1.375e-06,
        1.375e-06,
        1.375e-06,
        1.375e-06,
        1.375e-06,
        1.375e-06,
        1.375e-06
    ],
    "y_Nadam": [
        0.150445125,
        0.115807625,
        0.0827885,
        0.053791375,
        0.03069675,
        0.01475475,
        0.005748375,
        0.001757625,
        0.00038475,
        5.225e-05,
        2.625e-06,
        2.625e-06,
        2.625e-06,
        2.625e-06,
        2.625e-06,
        2.625e-06,
        2.625e-06,
        2.625e-06
    ],
    "y_RMSprop": [
        0.147660125,
        0.11394625,
        0.0818535,
        0.053086125,
        0.03025575,
        0.0144035,
        0.005476125,
        0.001581875,
        0.000324,
        3.2e-05,
        1.625e-06,
        1.625e-06,
        1.625e-06,
        1.625e-06,
        1.625e-06,
        1.625e-06,
        1.625e-06,
        1.625e-06
    ],
    "y_SGD": [
        0.1699905,
        0.136591125,
        0.1031175,
        0.071517625,
        0.044056625,
        0.022979625,
        0.009488625,
        0.0028315,
        0.000528625,
        5.05e-05,
        1e-06,
        1e-06,
        1e-06,
        1e-06,
        1e-06,
        1e-06,
        1e-06,
        1e-06
    ]
}