{
    "x_MAP": [
        0.0,
        0.5,
        1.0,
        1.5,
        2.0,
        2.5,
        3.0,
        3.5,
        4.0,
        4.5,
        5.0,
        5.5,
        6.0,
        6.5,
        7.0,
        7.5,
        7.6
    ],
    "y_MAP": [
        0.12299505200127775,
        0.09744600632908476,
        0.0752323268712176,
        0.0565990300645773,
        0.040433522039347705,
        0.02814739464453595,
        0.01860642434215985,
        0.011679270855560687,
        0.006783606914108303,
        0.0035527266826243264,
        0.0016777185295673398,
        0.0007331089800444447,
        0.0003203450204250928,
        0.00012952677443553274,
        4.3696780307570616e-05,
        1.3640536771754914e-05,
        1e-05
    ],
    "x_NN": [
        0,
        0.6151980448358363,
        1.2773130026738686,
        1.9940961281304668,
        2.775393958003867,
        3.633978951957732,
        4.5868374895000645,
        5.657255233000498,
        6.878377020609685,
        8.299701720649995,
        10,
        10,
        10,
        10,
        10,
        10,
        10
    ],
    "y_Adadelta": [
        0.130355625,
        0.101172375,
        0.0732415,
        0.048089,
        0.02754175,
        0.013002375,
        0.00460475,
        0.0010495,
        0.000110125,
        4.125e-06,
        0,
        0,
        0,
        0,
        0,
        0,
        0
    ],
    "y_Adagrad": [
        0.12602,
        0.096924,
        0.06915,
        0.0444675,
        0.0248285,
        0.011248375,
        0.003732875,
        0.00075675,
        6.375e-05,
        2.125e-06,
        0,
        0,
        0,
        0,
        0,
        0,
        0
    ],
    "y_Adam": [
        0.125091375,
        0.095921125,
        0.068178375,
        0.0437125,
        0.024380375,
        0.011075375,
        0.003697625,
        0.00076525,
        6.0125e-05,
        1.75e-06,
        0,
        0,
        0,
        0,
        0,
        0,
        0
    ],
    "y_Adamax": [
        0.124461,
        0.09520575,
        0.067459625,
        0.043079125,
        0.02389425,
        0.010779125,
        0.003512625,
        0.000699125,
        5.675e-05,
        1.25e-06,
        0,
        0,
        0,
        0,
        0,
        0,
        0
    ],
    "y_Nadam": [
        0.125408875,
        0.096058375,
        0.068223,
        0.043689125,
        0.024311875,
        0.011009875,
        0.003667625,
        0.000752375,
        6.525e-05,
        1.625e-06,
        0,
        0,
        0,
        0,
        0,
        0,
        0
    ],
    "y_RMSprop": [
        0.125208375,
        0.095884125,
        0.068280125,
        0.043854,
        0.024420625,
        0.011129875,
        0.003729375,
        0.000759,
        6.6375e-05,
        1.625e-06,
        0,
        0,
        0,
        0,
        0,
        0,
        0
    ],
    "y_SGD": [
        0.1288795,
        0.099692625,
        0.071816375,
        0.04678675,
        0.026631875,
        0.012384875,
        0.004278875,
        0.000934375,
        8.7e-05,
        3.125e-06,
        0,
        0,
        0,
        0,
        0,
        0,
        0
    ]
}