{
    "x_MAP": [
        0.0,
        0.5,
        1.0,
        1.5,
        2.0,
        2.5,
        3.0,
        3.5,
        4.0,
        4.5,
        5.0,
        5.5,
        6.0,
        6.5,
        7.0,
        7.5,
        8.0,
        8.6
    ],
    "y_MAP": [
        0.13998045980139506,
        0.1109031343115594,
        0.08562178344582902,
        0.06610354022862211,
        0.04722340555418245,
        0.032874104593189374,
        0.02230050032134791,
        0.013998045980139498,
        0.008562178344582902,
        0.004973123145824382,
        0.002814739464453597,
        0.0015524271734347938,
        0.0008343500851569782,
        0.0004601732276513802,
        0.0002063510777876421,
        9.495724149488017e-05,
        4.149325720214717e-05,
        1e-05
    ],
    "x_NN": [
        0.0,
        0.615,
        1.277,
        1.994,
        2.775,
        3.634,
        4.587,
        5.657,
        6.878,
        8.3,
        10.0,
        10.0,
        10.0,
        10.0,
        10.0,
        10.0,
        10.0,
        10.0
    ],
    "y_Adadelta": [
        0.1834358125,
        0.1504981875,
        0.116784375,
        0.0838885625,
        0.0541444375,
        0.030072625,
        0.013417875,
        0.0043775,
        0.000902375,
        9.65e-05,
        3.875e-06,
        3.875e-06,
        3.875e-06,
        3.875e-06,
        3.875e-06,
        3.875e-06,
        3.875e-06,
        3.875e-06
    ],
    "y_Adagrad": [
        0.1734839375,
        0.1398395,
        0.1059418125,
        0.073728125,
        0.045602,
        0.0239058125,
        0.0099189375,
        0.0030028125,
        0.0005829375,
        5.975e-05,
        2.25e-06,
        2.25e-06,
        2.25e-06,
        2.25e-06,
        2.25e-06,
        2.25e-06,
        2.25e-06,
        2.25e-06
    ],
    "y_Adam": [
        0.154187375,
        0.1189335625,
        0.0851748125,
        0.0551939375,
        0.0314279375,
        0.0149753125,
        0.005745625,
        0.001700625,
        0.0003669375,
        4.6125e-05,
        1.875e-06,
        1.875e-06,
        1.875e-06,
        1.875e-06,
        1.875e-06,
        1.875e-06,
        1.875e-06,
        1.875e-06
    ],
    "y_Adamax": [
        0.15127075,
        0.1170793125,
        0.0841921875,
        0.0547764375,
        0.031232875,
        0.014847125,
        0.0056286875,
        0.00161175,
        0.000318625,
        3.6625e-05,
        8.125e-07,
        8.125e-07,
        8.125e-07,
        8.125e-07,
        8.125e-07,
        8.125e-07,
        8.125e-07,
        8.125e-07
    ],
    "y_Nadam": [
        0.154673125,
        0.1192805625,
        0.08522275,
        0.0552786875,
        0.0314231875,
        0.0149866875,
        0.0057786875,
        0.0017194375,
        0.0003820625,
        4.80625e-05,
        2.4375e-06,
        2.4375e-06,
        2.4375e-06,
        2.4375e-06,
        2.4375e-06,
        2.4375e-06,
        2.4375e-06,
        2.4375e-06
    ],
    "y_RMSprop": [
        0.1568839375,
        0.1225621875,
        0.0891288125,
        0.058802625,
        0.0340330625,
        0.016439125,
        0.0062688125,
        0.0017648125,
        0.000338875,
        4.0625e-05,
        2e-06,
        2e-06,
        2e-06,
        2e-06,
        2e-06,
        2e-06,
        2e-06,
        2e-06
    ],
    "y_SGD": [
        0.1811990625,
        0.14811625,
        0.1142194375,
        0.0814879375,
        0.05211975,
        0.0285745625,
        0.012555,
        0.0040214375,
        0.0008223125,
        8.64375e-05,
        3.6875e-06,
        3.6875e-06,
        3.6875e-06,
        3.6875e-06,
        3.6875e-06,
        3.6875e-06,
        3.6875e-06,
        3.6875e-06
    ]
}