{
    "x_MAP": [
        0.0,
        0.5,
        1.0,
        1.5,
        2.0,
        2.5,
        3.0,
        3.5,
        4.0,
        4.5,
        5.0,
        5.5,
        6.0,
        6.5,
        7.0,
        7.5,
        7.6
    ],
    "y_MAP": [
        0.12299505200127775,
        0.09744600632908476,
        0.0752323268712176,
        0.0565990300645773,
        0.040433522039347705,
        0.02814739464453595,
        0.01860642434215985,
        0.011679270855560687,
        0.006783606914108303,
        0.0035527266826243264,
        0.0016777185295673398,
        0.0007331089800444447,
        0.0003203450204250928,
        0.00012952677443553274,
        4.3696780307570616e-05,
        1.3640536771754914e-05,
        1e-05
    ],
    "x_NN": [
        0.0,
        0.615,
        1.277,
        1.994,
        2.775,
        3.634,
        4.587,
        5.657,
        6.878,
        8.3,
        10.0,
        10.0,
        10.0,
        10.0,
        10.0,
        10.0,
        10.0
    ],
    "y_Adadelta": [
        0.1323636875,
        0.1031793125,
        0.0751935625,
        0.0499430625,
        0.0291760625,
        0.014246,
        0.0053340625,
        0.001366375,
        0.0002021875,
        1.48125e-05,
        5e-07,
        5e-07,
        5e-07,
        5e-07,
        5e-07,
        5e-07,
        5e-07
    ],
    "y_Adagrad": [
        0.127661625,
        0.0983895625,
        0.0704793125,
        0.045760625,
        0.0258348125,
        0.0119018125,
        0.0040558125,
        0.00085775,
        8.1125e-05,
        2e-06,
        0.0,
        0.0,
        0.0,
        0.0,
        0.0,
        0.0,
        0.0
    ],
    "y_Adam": [
        0.1251026875,
        0.0956974375,
        0.0680431875,
        0.043628375,
        0.0242806875,
        0.0109898125,
        0.003674625,
        0.000749375,
        6.6875e-05,
        1.375e-06,
        0.0,
        0.0,
        0.0,
        0.0,
        0.0,
        0.0,
        0.0
    ],
    "y_Adamax": [
        0.124339125,
        0.0950711875,
        0.067331125,
        0.0431326875,
        0.0238725,
        0.0107538125,
        0.0035400625,
        0.0007059375,
        6.01875e-05,
        1.1875e-06,
        0.0,
        0.0,
        0.0,
        0.0,
        0.0,
        0.0,
        0.0
    ],
    "y_Nadam": [
        0.1251796875,
        0.0957463125,
        0.0679415625,
        0.0435925,
        0.0242389375,
        0.010946625,
        0.0036480625,
        0.00074025,
        6.68125e-05,
        1.4375e-06,
        0.0,
        0.0,
        0.0,
        0.0,
        0.0,
        0.0,
        0.0
    ],
    "y_RMSprop": [
        0.124623375,
        0.095324125,
        0.06762575,
        0.0432908125,
        0.023994375,
        0.010793375,
        0.0035383125,
        0.0007029375,
        5.83125e-05,
        1.3125e-06,
        0.0,
        0.0,
        0.0,
        0.0,
        0.0,
        0.0,
        0.0
    ],
    "y_SGD": [
        0.130695875,
        0.1014969375,
        0.0735583125,
        0.048486,
        0.0279508125,
        0.01339475,
        0.0049095625,
        0.001212375,
        0.000161875,
        1.1e-05,
        3.125e-07,
        3.125e-07,
        3.125e-07,
        3.125e-07,
        3.125e-07,
        3.125e-07,
        3.125e-07
    ]
}