{
    "x_MAP": [
        0.0,
        0.5,
        1.0,
        1.5,
        2.0,
        2.5,
        3.0,
        3.5,
        4.0,
        4.5,
        5.0,
        5.5,
        6.0,
        6.5,
        7.0,
        7.5,
        8.0,
        8.6
    ],
    "y_MAP": [
        0.13998045980139506,
        0.1109031343115594,
        0.08562178344582902,
        0.06610354022862211,
        0.04722340555418245,
        0.032874104593189374,
        0.02230050032134791,
        0.013998045980139498,
        0.008562178344582902,
        0.004973123145824382,
        0.002814739464453597,
        0.0015524271734347938,
        0.0008343500851569782,
        0.0004601732276513802,
        0.0002063510777876421,
        9.495724149488017e-05,
        4.149325720214717e-05,
        1e-05
    ],
    "x_NN": [
        0.0,
        0.615,
        1.277,
        1.994,
        2.775,
        3.634,
        4.587,
        5.657,
        6.878,
        8.3,
        10.0,
        10.0,
        10.0,
        10.0,
        10.0,
        10.0,
        10.0,
        10.0
    ],
    "y_Adadelta": [
        0.2070103125,
        0.1753815625,
        0.1419675625,
        0.108044625,
        0.07546675,
        0.046730375,
        0.02434675,
        0.0097865,
        0.002682125,
        0.00040975,
        2.61875e-05,
        2.61875e-05,
        2.61875e-05,
        2.61875e-05,
        2.61875e-05,
        2.61875e-05,
        2.61875e-05,
        2.61875e-05
    ],
    "y_Adagrad": [
        0.196050625,
        0.1632924375,
        0.12914175,
        0.0950974375,
        0.063558375,
        0.0370575625,
        0.017641,
        0.006283,
        0.0014846875,
        0.00018475,
        1.05625e-05,
        1.05625e-05,
        1.05625e-05,
        1.05625e-05,
        1.05625e-05,
        1.05625e-05,
        1.05625e-05,
        1.05625e-05
    ],
    "y_Adam": [
        0.1692153125,
        0.132507125,
        0.0965123125,
        0.06382075,
        0.0369653125,
        0.018009625,
        0.00698425,
        0.0020329375,
        0.0004169375,
        5.09375e-05,
        1.4375e-06,
        1.4375e-06,
        1.4375e-06,
        1.4375e-06,
        1.4375e-06,
        1.4375e-06,
        1.4375e-06,
        1.4375e-06
    ],
    "y_Adamax": [
        0.1718421875,
        0.1366935625,
        0.1016775,
        0.0688875,
        0.04115625,
        0.020645875,
        0.008188875,
        0.002349875,
        0.0004489375,
        5.40625e-05,
        1.8125e-06,
        1.8125e-06,
        1.8125e-06,
        1.8125e-06,
        1.8125e-06,
        1.8125e-06,
        1.8125e-06,
        1.8125e-06
    ],
    "y_Nadam": [
        0.169405125,
        0.1327376875,
        0.0968406875,
        0.06414575,
        0.0373061875,
        0.018280125,
        0.007072875,
        0.00208975,
        0.0004456875,
        5.9875e-05,
        4.75e-06,
        4.75e-06,
        4.75e-06,
        4.75e-06,
        4.75e-06,
        4.75e-06,
        4.75e-06,
        4.75e-06
    ],
    "y_RMSprop": [
        0.17993375,
        0.145394625,
        0.11022575,
        0.076756125,
        0.047434625,
        0.02478675,
        0.010235875,
        0.0030800625,
        0.000601625,
        6.90625e-05,
        2.5625e-06,
        2.5625e-06,
        2.5625e-06,
        2.5625e-06,
        2.5625e-06,
        2.5625e-06,
        2.5625e-06,
        2.5625e-06
    ],
    "y_SGD": [
        0.2032094375,
        0.171106375,
        0.137429875,
        0.103415875,
        0.071106375,
        0.0430781875,
        0.021700875,
        0.008353375,
        0.00215225,
        0.0003083125,
        1.6e-05,
        1.6e-05,
        1.6e-05,
        1.6e-05,
        1.6e-05,
        1.6e-05,
        1.6e-05,
        1.6e-05
    ]
}