{
    "x_MAP": [
        0.0,
        0.5,
        1.0,
        1.5,
        2.0,
        2.5,
        3.0,
        3.5,
        4.0,
        4.5,
        5.0,
        5.5,
        6.0,
        6.5,
        7.0,
        7.5,
        7.6
    ],
    "y_MAP": [
        0.12299505200127775,
        0.09744600632908476,
        0.0752323268712176,
        0.0565990300645773,
        0.040433522039347705,
        0.02814739464453595,
        0.01860642434215985,
        0.011679270855560687,
        0.006783606914108303,
        0.0035527266826243264,
        0.0016777185295673398,
        0.0007331089800444447,
        0.0003203450204250928,
        0.00012952677443553274,
        4.3696780307570616e-05,
        1.3640536771754914e-05,
        1e-05
    ],
    "x_NN": [
        0.0,
        0.615,
        1.277,
        1.994,
        2.775,
        3.634,
        4.587,
        5.657,
        6.878,
        8.3,
        10.0,
        10.0,
        10.0,
        10.0,
        10.0,
        10.0,
        10.0
    ],
    "y_Adadelta": [
        0.139559625,
        0.110711625,
        0.08274625,
        0.0569349375,
        0.0349920625,
        0.0183918125,
        0.007791875,
        0.0024221875,
        0.0004716875,
        4.65625e-05,
        2e-06,
        2e-06,
        2e-06,
        2e-06,
        2e-06,
        2e-06,
        2e-06
    ],
    "y_Adagrad": [
        0.1301625625,
        0.1008821875,
        0.0728136875,
        0.0477775,
        0.0272951875,
        0.0128986875,
        0.004578625,
        0.0010569375,
        0.0001205625,
        5.6875e-06,
        1.875e-07,
        1.875e-07,
        1.875e-07,
        1.875e-07,
        1.875e-07,
        1.875e-07,
        1.875e-07
    ],
    "y_Adam": [
        0.1251775,
        0.0958334375,
        0.0680920625,
        0.0436510625,
        0.0242431875,
        0.0109633125,
        0.0036385625,
        0.0007526875,
        6.925e-05,
        1.3125e-06,
        0.0,
        0.0,
        0.0,
        0.0,
        0.0,
        0.0,
        0.0
    ],
    "y_Adamax": [
        0.124567375,
        0.095287,
        0.0675474375,
        0.0432050625,
        0.0239475,
        0.010799625,
        0.0035281875,
        0.000715,
        6.075e-05,
        1.3125e-06,
        0.0,
        0.0,
        0.0,
        0.0,
        0.0,
        0.0,
        0.0
    ],
    "y_Nadam": [
        0.12499775,
        0.0956715,
        0.0678573125,
        0.0434360625,
        0.02410225,
        0.0108838125,
        0.003603,
        0.0007321875,
        6.53125e-05,
        1.5625e-06,
        0.0,
        0.0,
        0.0,
        0.0,
        0.0,
        0.0,
        0.0
    ],
    "y_RMSprop": [
        0.1251830625,
        0.095837375,
        0.0680431875,
        0.0436066875,
        0.0241799375,
        0.0108531875,
        0.0035731875,
        0.000706125,
        6.0625e-05,
        1.0625e-06,
        0.0,
        0.0,
        0.0,
        0.0,
        0.0,
        0.0,
        0.0
    ],
    "y_SGD": [
        0.13383775,
        0.104773375,
        0.07679925,
        0.0514468125,
        0.0304703125,
        0.0151845625,
        0.0059375,
        0.00163775,
        0.0002685,
        2.5125e-05,
        9.375e-07,
        9.375e-07,
        9.375e-07,
        9.375e-07,
        9.375e-07,
        9.375e-07,
        9.375e-07
    ]
}