{
    "x_MAP": [
        0.0,
        0.5,
        1.0,
        1.5,
        2.0,
        2.5,
        3.0,
        3.5,
        4.0,
        4.5,
        5.0,
        5.5,
        6.0,
        6.5,
        7.0,
        7.5,
        7.6
    ],
    "y_MAP": [
        0.12299505200127775,
        0.09744600632908476,
        0.0752323268712176,
        0.0565990300645773,
        0.040433522039347705,
        0.02814739464453595,
        0.01860642434215985,
        0.011679270855560687,
        0.006783606914108303,
        0.0035527266826243264,
        0.0016777185295673398,
        0.0007331089800444447,
        0.0003203450204250928,
        0.00012952677443553274,
        4.3696780307570616e-05,
        1.3640536771754914e-05,
        1e-05
    ],
    "x_NN": [
        0.0,
        0.615,
        1.277,
        1.994,
        2.775,
        3.634,
        4.587,
        5.657,
        6.878,
        8.3,
        10.0,
        10.0,
        10.0,
        10.0,
        10.0,
        10.0,
        10.0
    ],
    "y_Adadelta": [
        0.1300479375,
        0.100881625,
        0.072916875,
        0.0479228125,
        0.0274571875,
        0.0130070625,
        0.0046384375,
        0.00105775,
        0.0001176875,
        4.8125e-06,
        6.25e-08,
        6.25e-08,
        6.25e-08,
        6.25e-08,
        6.25e-08,
        6.25e-08,
        6.25e-08
    ],
    "y_Adagrad": [
        0.1258939375,
        0.0966515625,
        0.068894875,
        0.04434775,
        0.024738625,
        0.011228125,
        0.0037398125,
        0.0007654375,
        6.56875e-05,
        1.3125e-06,
        0.0,
        0.0,
        0.0,
        0.0,
        0.0,
        0.0,
        0.0
    ],
    "y_Adam": [
        0.1252826875,
        0.0959650625,
        0.068192875,
        0.0438153125,
        0.0244190625,
        0.0110533125,
        0.0037041875,
        0.000755375,
        6.5875e-05,
        1.3125e-06,
        0.0,
        0.0,
        0.0,
        0.0,
        0.0,
        0.0,
        0.0
    ],
    "y_Adamax": [
        0.1243945625,
        0.0951464375,
        0.0674926875,
        0.0431683125,
        0.02398125,
        0.0108040625,
        0.0035544375,
        0.0007058125,
        6.25625e-05,
        1.6875e-06,
        0.0,
        0.0,
        0.0,
        0.0,
        0.0,
        0.0,
        0.0
    ],
    "y_Nadam": [
        0.125284625,
        0.0958741875,
        0.0681051875,
        0.0437163125,
        0.024325375,
        0.0109846875,
        0.0036688125,
        0.0007548125,
        6.76875e-05,
        1.375e-06,
        0.0,
        0.0,
        0.0,
        0.0,
        0.0,
        0.0,
        0.0
    ],
    "y_RMSprop": [
        0.125012875,
        0.095726625,
        0.0680513125,
        0.043782125,
        0.024447,
        0.0111911875,
        0.00379125,
        0.0007996875,
        7.40625e-05,
        1.5625e-06,
        0.0,
        0.0,
        0.0,
        0.0,
        0.0,
        0.0,
        0.0
    ],
    "y_SGD": [
        0.129048375,
        0.09991075,
        0.0719731875,
        0.0470645,
        0.0268416875,
        0.01258825,
        0.004405125,
        0.000987375,
        0.000103375,
        3.125e-06,
        1.25e-07,
        1.25e-07,
        1.25e-07,
        1.25e-07,
        1.25e-07,
        1.25e-07,
        1.25e-07
    ]
}