{
    "x_MAP": [
        0.0,
        0.5,
        1.0,
        1.5,
        2.0,
        2.5,
        3.0,
        3.5,
        4.0,
        4.5,
        5.0,
        5.5,
        6.0,
        6.5,
        7.0,
        7.5,
        8.0,
        8.6
    ],
    "y_MAP": [
        0.13998045980139506,
        0.1109031343115594,
        0.08562178344582902,
        0.06610354022862211,
        0.04722340555418245,
        0.032874104593189374,
        0.02230050032134791,
        0.013998045980139498,
        0.008562178344582902,
        0.004973123145824382,
        0.002814739464453597,
        0.0015524271734347938,
        0.0008343500851569782,
        0.0004601732276513802,
        0.0002063510777876421,
        9.495724149488017e-05,
        4.149325720214717e-05,
        1e-05
    ],
    "x_NN": [
        0.0,
        0.615,
        1.277,
        1.994,
        2.775,
        3.634,
        4.587,
        5.657,
        6.878,
        8.3,
        10.0,
        10.0,
        10.0,
        10.0,
        10.0,
        10.0,
        10.0,
        10.0
    ],
    "y_Adadelta": [
        0.1705980625,
        0.13735775,
        0.10393275,
        0.072336,
        0.0447208125,
        0.023387875,
        0.0096983125,
        0.0028936875,
        0.000549125,
        5.50625e-05,
        1.5625e-06,
        1.5625e-06,
        1.5625e-06,
        1.5625e-06,
        1.5625e-06,
        1.5625e-06,
        1.5625e-06,
        1.5625e-06
    ],
    "y_Adagrad": [
        0.161801875,
        0.1281356875,
        0.0948976875,
        0.0642528125,
        0.0382994375,
        0.0191171875,
        0.0074930625,
        0.0021229375,
        0.0004013125,
        4.15625e-05,
        1e-06,
        1e-06,
        1e-06,
        1e-06,
        1e-06,
        1e-06,
        1e-06,
        1e-06
    ],
    "y_Adam": [
        0.150864,
        0.1160956875,
        0.083025125,
        0.053697625,
        0.030523625,
        0.014644375,
        0.0057171875,
        0.001737625,
        0.0003954375,
        5.60625e-05,
        3.9375e-06,
        3.9375e-06,
        3.9375e-06,
        3.9375e-06,
        3.9375e-06,
        3.9375e-06,
        3.9375e-06,
        3.9375e-06
    ],
    "y_Adamax": [
        0.14643,
        0.112549375,
        0.08033325,
        0.0518835,
        0.0293101875,
        0.013853875,
        0.0052238125,
        0.0015104375,
        0.000307625,
        3.6125e-05,
        1.125e-06,
        1.125e-06,
        1.125e-06,
        1.125e-06,
        1.125e-06,
        1.125e-06,
        1.125e-06,
        1.125e-06
    ],
    "y_Nadam": [
        0.1504824375,
        0.115972,
        0.0829175,
        0.0535983125,
        0.0304394375,
        0.014601875,
        0.0056399375,
        0.001692,
        0.0003630625,
        5.25e-05,
        2.75e-06,
        2.75e-06,
        2.75e-06,
        2.75e-06,
        2.75e-06,
        2.75e-06,
        2.75e-06,
        2.75e-06
    ],
    "y_RMSprop": [
        0.1479516875,
        0.11422075,
        0.08191775,
        0.0531529375,
        0.03017675,
        0.0143011875,
        0.0053898125,
        0.0015524375,
        0.00031575,
        4.75e-05,
        2.84375e-05,
        2.84375e-05,
        2.84375e-05,
        2.84375e-05,
        2.84375e-05,
        2.84375e-05,
        2.84375e-05,
        2.84375e-05
    ],
    "y_SGD": [
        0.1695405,
        0.136166125,
        0.102804125,
        0.07126575,
        0.04383275,
        0.022792875,
        0.0093809375,
        0.002758625,
        0.000529625,
        5.375e-05,
        1.625e-06,
        1.625e-06,
        1.625e-06,
        1.625e-06,
        1.625e-06,
        1.625e-06,
        1.625e-06,
        1.625e-06
    ]
}