{
    "x_MAP": [
        0.0,
        0.5,
        1.0,
        1.5,
        2.0,
        2.5,
        3.0,
        3.5,
        4.0,
        4.5,
        5.0,
        5.5,
        6.0,
        6.5,
        7.0,
        7.5,
        8.0,
        8.6
    ],
    "y_MAP": [
        0.13998045980139506,
        0.1109031343115594,
        0.08562178344582902,
        0.06610354022862211,
        0.04722340555418245,
        0.032874104593189374,
        0.02230050032134791,
        0.013998045980139498,
        0.008562178344582902,
        0.004973123145824382,
        0.002814739464453597,
        0.0015524271734347938,
        0.0008343500851569782,
        0.0004601732276513802,
        0.0002063510777876421,
        9.495724149488017e-05,
        4.149325720214717e-05,
        1e-05
    ],
    "x_NN": [
        0,
        0.6151980448358363,
        1.2773130026738686,
        1.9940961281304668,
        2.775393958003867,
        3.633978951957732,
        4.5868374895000645,
        5.657255233000498,
        6.878377020609685,
        8.299701720649995,
        10,
        10,
        10,
        10,
        10,
        10,
        10,
        10
    ],
    "y_Adadelta": [
        0.183470875,
        0.1504515,
        0.1166615,
        0.083806125,
        0.054081,
        0.029932625,
        0.013397,
        0.00442875,
        0.0009265,
        0.000100875,
        2.875e-06,
        2.875e-06,
        2.875e-06,
        2.875e-06,
        2.875e-06,
        2.875e-06,
        2.875e-06,
        2.875e-06
    ],
    "y_Adagrad": [
        0.174087,
        0.140641375,
        0.106834125,
        0.07462725,
        0.04642475,
        0.024512625,
        0.010229125,
        0.003101,
        0.000595125,
        5.775e-05,
        2e-06,
        2e-06,
        2e-06,
        2e-06,
        2e-06,
        2e-06,
        2e-06,
        2e-06
    ],
    "y_Adam": [
        0.1548015,
        0.119389625,
        0.0855,
        0.055413375,
        0.03155325,
        0.015156875,
        0.0058445,
        0.00177825,
        0.0003805,
        4.8e-05,
        2.125e-06,
        2.125e-06,
        2.125e-06,
        2.125e-06,
        2.125e-06,
        2.125e-06,
        2.125e-06,
        2.125e-06
    ],
    "y_Adamax": [
        0.1514125,
        0.11716125,
        0.084151125,
        0.054779625,
        0.03126025,
        0.0148845,
        0.005645875,
        0.001620375,
        0.000316625,
        3.6625e-05,
        8.75e-07,
        8.75e-07,
        8.75e-07,
        8.75e-07,
        8.75e-07,
        8.75e-07,
        8.75e-07,
        8.75e-07
    ],
    "y_Nadam": [
        0.154850125,
        0.11954425,
        0.085632125,
        0.055412375,
        0.031491625,
        0.0150545,
        0.00580625,
        0.001712625,
        0.00036675,
        4.3375e-05,
        1.875e-06,
        1.875e-06,
        1.875e-06,
        1.875e-06,
        1.875e-06,
        1.875e-06,
        1.875e-06,
        1.875e-06
    ],
    "y_RMSprop": [
        0.156200125,
        0.12202725,
        0.08877425,
        0.058508,
        0.033791875,
        0.016306375,
        0.006229,
        0.001782875,
        0.0003385,
        3.125e-05,
        1.25e-06,
        1.25e-06,
        1.25e-06,
        1.25e-06,
        1.25e-06,
        1.25e-06,
        1.25e-06,
        1.25e-06
    ],
    "y_SGD": [
        0.180839125,
        0.147751625,
        0.113782625,
        0.0810735,
        0.051821125,
        0.028372625,
        0.01246325,
        0.00398725,
        0.00081025,
        8.175e-05,
        2.75e-06,
        2.75e-06,
        2.75e-06,
        2.75e-06,
        2.75e-06,
        2.75e-06,
        2.75e-06,
        2.75e-06
    ]
}