{
    "x_MAP": [
        0.0,
        0.5,
        1.0,
        1.5,
        2.0,
        2.5,
        3.0,
        3.5,
        4.0,
        4.5,
        5.0,
        5.5,
        6.0,
        6.5,
        7.0,
        7.5,
        7.6
    ],
    "y_MAP": [
        0.12299505200127775,
        0.09744600632908476,
        0.0752323268712176,
        0.0565990300645773,
        0.040433522039347705,
        0.02814739464453595,
        0.01860642434215985,
        0.011679270855560687,
        0.006783606914108303,
        0.0035527266826243264,
        0.0016777185295673398,
        0.0007331089800444447,
        0.0003203450204250928,
        0.00012952677443553274,
        4.3696780307570616e-05,
        1.3640536771754914e-05,
        1e-05
    ],
    "x_NN": [
        0,
        0.6151980448358363,
        1.2773130026738686,
        1.9940961281304668,
        2.775393958003867,
        3.633978951957732,
        4.5868374895000645,
        5.657255233000498,
        6.878377020609685,
        8.299701720649995,
        10,
        10,
        10,
        10,
        10,
        10,
        10
    ],
    "y_Adadelta": [
        0.1327295,
        0.10365025,
        0.0756245,
        0.050277625,
        0.029454625,
        0.014364,
        0.005397625,
        0.001364625,
        0.000190875,
        1.3125e-05,
        1.25e-07,
        1.25e-07,
        1.25e-07,
        1.25e-07,
        1.25e-07,
        1.25e-07,
        1.25e-07
    ],
    "y_Adagrad": [
        0.127774375,
        0.09852025,
        0.070667375,
        0.04580075,
        0.0257745,
        0.011841,
        0.004022875,
        0.000834625,
        7.1e-05,
        2e-06,
        0,
        0,
        0,
        0,
        0,
        0,
        0
    ],
    "y_Adam": [
        0.1251495,
        0.095929625,
        0.068124875,
        0.043521125,
        0.02418975,
        0.010910625,
        0.003608125,
        0.000734875,
        6.2125e-05,
        1.875e-06,
        0,
        0,
        0,
        0,
        0,
        0,
        0
    ],
    "y_Adamax": [
        0.124533375,
        0.09527425,
        0.067535875,
        0.043156625,
        0.023977125,
        0.010748375,
        0.003549,
        0.000713875,
        6.1875e-05,
        1.125e-06,
        0,
        0,
        0,
        0,
        0,
        0,
        0
    ],
    "y_Nadam": [
        0.12505725,
        0.095859125,
        0.068109875,
        0.043580125,
        0.024158375,
        0.0109265,
        0.003616625,
        0.00073475,
        5.975e-05,
        1.75e-06,
        0,
        0,
        0,
        0,
        0,
        0,
        0
    ],
    "y_RMSprop": [
        0.124638375,
        0.0953885,
        0.0677435,
        0.043245,
        0.0239675,
        0.01077175,
        0.00351175,
        0.000713375,
        5.6875e-05,
        1.375e-06,
        0,
        0,
        0,
        0,
        0,
        0,
        0
    ],
    "y_SGD": [
        0.130581375,
        0.10137825,
        0.07342725,
        0.04832825,
        0.02787925,
        0.013300375,
        0.004821625,
        0.001173125,
        0.000147875,
        8.625e-06,
        1.25e-07,
        1.25e-07,
        1.25e-07,
        1.25e-07,
        1.25e-07,
        1.25e-07,
        1.25e-07
    ]
}