{
    "x_MAP": [
        0.0,
        0.5,
        1.0,
        1.5,
        2.0,
        2.5,
        3.0,
        3.5,
        4.0,
        4.5,
        5.0,
        5.5,
        6.0,
        6.5,
        7.0,
        7.5,
        7.6
    ],
    "y_MAP": [
        0.12299505200127775,
        0.09744600632908476,
        0.0752323268712176,
        0.0565990300645773,
        0.040433522039347705,
        0.02814739464453595,
        0.01860642434215985,
        0.011679270855560687,
        0.006783606914108303,
        0.0035527266826243264,
        0.0016777185295673398,
        0.0007331089800444447,
        0.0003203450204250928,
        0.00012952677443553274,
        4.3696780307570616e-05,
        1.3640536771754914e-05,
        1e-05
    ],
    "x_NN": [
        0.0,
        0.615,
        1.277,
        1.994,
        2.775,
        3.634,
        4.587,
        5.657,
        6.878,
        8.3,
        10.0,
        10.0,
        10.0,
        10.0,
        10.0,
        10.0,
        10.0
    ],
    "y_Adadelta": [
        0.216146125,
        0.192978375,
        0.16861425,
        0.14356175,
        0.1185855,
        0.094700125,
        0.0731415,
        0.0552875,
        0.041924625,
        0.03306375,
        0.027554375,
        0.027554375,
        0.027554375,
        0.027554375,
        0.027554375,
        0.027554375,
        0.027554375
    ],
    "y_Adagrad": [
        0.154610625,
        0.12610425,
        0.09752725,
        0.07030175,
        0.046030375,
        0.02636975,
        0.012495375,
        0.0045005,
        0.001063,
        0.0001515,
        1.1625e-05,
        1.1625e-05,
        1.1625e-05,
        1.1625e-05,
        1.1625e-05,
        1.1625e-05,
        1.1625e-05
    ],
    "y_Adam": [
        0.128134375,
        0.098717875,
        0.07071,
        0.045816625,
        0.025871875,
        0.011893875,
        0.004078375,
        0.00087325,
        7.9125e-05,
        2.75e-06,
        0.0,
        0.0,
        0.0,
        0.0,
        0.0,
        0.0,
        0.0
    ],
    "y_Adamax": [
        0.128704,
        0.099554125,
        0.071667375,
        0.046799125,
        0.02686875,
        0.01279275,
        0.004670625,
        0.001147375,
        0.00016725,
        1.4375e-05,
        3.75e-07,
        3.75e-07,
        3.75e-07,
        3.75e-07,
        3.75e-07,
        3.75e-07,
        3.75e-07
    ],
    "y_Nadam": [
        0.12768375,
        0.09840075,
        0.07050375,
        0.0455475,
        0.025636375,
        0.011788125,
        0.004039875,
        0.000858875,
        7.625e-05,
        1.75e-06,
        0.0,
        0.0,
        0.0,
        0.0,
        0.0,
        0.0,
        0.0
    ],
    "y_RMSprop": [
        0.135847875,
        0.106697375,
        0.078368375,
        0.05263675,
        0.031142625,
        0.015485,
        0.006011625,
        0.001625625,
        0.00027075,
        2.25e-05,
        1.125e-06,
        1.125e-06,
        1.125e-06,
        1.125e-06,
        1.125e-06,
        1.125e-06,
        1.125e-06
    ],
    "y_SGD": [
        0.222795,
        0.201221125,
        0.1789175,
        0.156422125,
        0.134552375,
        0.1142725,
        0.09691225,
        0.0835325,
        0.074515625,
        0.069293125,
        0.06645775,
        0.06645775,
        0.06645775,
        0.06645775,
        0.06645775,
        0.06645775,
        0.06645775
    ]
}