{
    "x_MAP": [
        0.0,
        0.5,
        1.0,
        1.5,
        2.0,
        2.5,
        3.0,
        3.5,
        4.0,
        4.5,
        5.0,
        5.5,
        6.0,
        6.5,
        7.0,
        7.5,
        8.0,
        8.6
    ],
    "y_MAP": [
        0.13998045980139506,
        0.1109031343115594,
        0.08562178344582902,
        0.06610354022862211,
        0.04722340555418245,
        0.032874104593189374,
        0.02230050032134791,
        0.013998045980139498,
        0.008562178344582902,
        0.004973123145824382,
        0.002814739464453597,
        0.0015524271734347938,
        0.0008343500851569782,
        0.0004601732276513802,
        0.0002063510777876421,
        9.495724149488017e-05,
        4.149325720214717e-05,
        1e-05
    ],
    "x_NN": [
        0.0,
        0.615,
        1.277,
        1.994,
        2.775,
        3.634,
        4.587,
        5.657,
        6.878,
        8.3,
        10.0,
        10.0,
        10.0,
        10.0,
        10.0,
        10.0,
        10.0,
        10.0
    ],
    "y_Adadelta": [
        0.249343125,
        0.221623125,
        0.1911895,
        0.158567875,
        0.12468575,
        0.0910065,
        0.059918875,
        0.033995,
        0.015602375,
        0.0051905,
        0.001103625,
        0.001103625,
        0.001103625,
        0.001103625,
        0.001103625,
        0.001103625,
        0.001103625,
        0.001103625
    ],
    "y_Adagrad": [
        0.242215875,
        0.213254625,
        0.181630375,
        0.148092875,
        0.113627875,
        0.080248625,
        0.050354625,
        0.026716875,
        0.01104775,
        0.0031705,
        0.00050525,
        0.00050525,
        0.00050525,
        0.00050525,
        0.00050525,
        0.00050525,
        0.00050525,
        0.00050525
    ],
    "y_Adam": [
        0.21872225,
        0.18377975,
        0.146739375,
        0.109377625,
        0.074104875,
        0.044017375,
        0.021793625,
        0.008417125,
        0.00228175,
        0.000381625,
        2.9875e-05,
        2.9875e-05,
        2.9875e-05,
        2.9875e-05,
        2.9875e-05,
        2.9875e-05,
        2.9875e-05,
        2.9875e-05
    ],
    "y_Adamax": [
        0.22320475,
        0.190380375,
        0.155217,
        0.11911725,
        0.08401675,
        0.05260525,
        0.027980125,
        0.011752125,
        0.0035405,
        0.000678375,
        7.0875e-05,
        7.0875e-05,
        7.0875e-05,
        7.0875e-05,
        7.0875e-05,
        7.0875e-05,
        7.0875e-05,
        7.0875e-05
    ],
    "y_Nadam": [
        0.21888675,
        0.18400425,
        0.146984875,
        0.1095625,
        0.07413525,
        0.0439295,
        0.021814375,
        0.00847075,
        0.002360625,
        0.00043375,
        4.25e-05,
        4.25e-05,
        4.25e-05,
        4.25e-05,
        4.25e-05,
        4.25e-05,
        4.25e-05,
        4.25e-05
    ],
    "y_RMSprop": [
        0.228709875,
        0.19739025,
        0.163530125,
        0.128217875,
        0.093282125,
        0.061103125,
        0.03446275,
        0.015664125,
        0.005313625,
        0.001169375,
        0.0001405,
        0.0001405,
        0.0001405,
        0.0001405,
        0.0001405,
        0.0001405,
        0.0001405,
        0.0001405
    ],
    "y_SGD": [
        0.242599125,
        0.21401575,
        0.182784875,
        0.149495375,
        0.115206875,
        0.082016,
        0.052001,
        0.027989125,
        0.011871,
        0.00347425,
        0.00057525,
        0.00057525,
        0.00057525,
        0.00057525,
        0.00057525,
        0.00057525,
        0.00057525,
        0.00057525
    ]
}