{
    "x_MAP": [
        0.0,
        0.5,
        1.0,
        1.5,
        2.0,
        2.5,
        3.0,
        3.5,
        4.0,
        4.5,
        5.0,
        5.5,
        6.0,
        6.5,
        7.0,
        7.5,
        7.6
    ],
    "y_MAP": [
        0.12299505200127775,
        0.09744600632908476,
        0.0752323268712176,
        0.0565990300645773,
        0.040433522039347705,
        0.02814739464453595,
        0.01860642434215985,
        0.011679270855560687,
        0.006783606914108303,
        0.0035527266826243264,
        0.0016777185295673398,
        0.0007331089800444447,
        0.0003203450204250928,
        0.00012952677443553274,
        4.3696780307570616e-05,
        1.3640536771754914e-05,
        1e-05
    ],
    "x_NN": [
        0.0,
        0.615,
        1.277,
        1.994,
        2.775,
        3.634,
        4.587,
        5.657,
        6.878,
        8.3,
        10.0,
        10.0,
        10.0,
        10.0,
        10.0,
        10.0,
        10.0
    ],
    "y_Adadelta": [
        0.152397,
        0.123926,
        0.0956215,
        0.068591875,
        0.04455875,
        0.0252845,
        0.011913125,
        0.004280375,
        0.001009,
        0.000125625,
        5.5e-06,
        5.5e-06,
        5.5e-06,
        5.5e-06,
        5.5e-06,
        5.5e-06,
        5.5e-06
    ],
    "y_Adagrad": [
        0.136264625,
        0.107316625,
        0.079100375,
        0.0534725,
        0.03210675,
        0.016356125,
        0.0066645,
        0.00197225,
        0.000364375,
        3.4875e-05,
        1.125e-06,
        1.125e-06,
        1.125e-06,
        1.125e-06,
        1.125e-06,
        1.125e-06,
        1.125e-06
    ],
    "y_Adam": [
        0.126658875,
        0.09734725,
        0.069450875,
        0.044733625,
        0.025094625,
        0.011437125,
        0.0038695,
        0.000819875,
        7.0875e-05,
        2.5e-06,
        0.0,
        0.0,
        0.0,
        0.0,
        0.0,
        0.0,
        0.0
    ],
    "y_Adamax": [
        0.1267765,
        0.097554625,
        0.06965425,
        0.044761375,
        0.025059625,
        0.01141625,
        0.0038055,
        0.000783375,
        6.6e-05,
        1.625e-06,
        0.0,
        0.0,
        0.0,
        0.0,
        0.0,
        0.0,
        0.0
    ],
    "y_Nadam": [
        0.126125125,
        0.096870375,
        0.068871,
        0.04422075,
        0.0246245,
        0.011226375,
        0.003744625,
        0.000773,
        7.175e-05,
        1.875e-06,
        0.0,
        0.0,
        0.0,
        0.0,
        0.0,
        0.0,
        0.0
    ],
    "y_RMSprop": [
        0.130874125,
        0.101441125,
        0.073215,
        0.047808125,
        0.027352875,
        0.012917125,
        0.00456425,
        0.00103625,
        0.00012075,
        7e-06,
        1.25e-07,
        1.25e-07,
        1.25e-07,
        1.25e-07,
        1.25e-07,
        1.25e-07,
        1.25e-07
    ],
    "y_SGD": [
        0.1482705,
        0.119857375,
        0.091706375,
        0.0653035,
        0.041991875,
        0.023621875,
        0.011020625,
        0.003938,
        0.000953125,
        0.000118125,
        5.375e-06,
        5.375e-06,
        5.375e-06,
        5.375e-06,
        5.375e-06,
        5.375e-06,
        5.375e-06
    ]
}