{
    "x_MAP": [
        0.0,
        0.5,
        1.0,
        1.5,
        2.0,
        2.5,
        3.0,
        3.5,
        4.0,
        4.5,
        5.0,
        5.5,
        6.0,
        6.5,
        7.0,
        7.5,
        8.0,
        8.6
    ],
    "y_MAP": [
        0.13998045980139506,
        0.1109031343115594,
        0.08562178344582902,
        0.06610354022862211,
        0.04722340555418245,
        0.032874104593189374,
        0.02230050032134791,
        0.013998045980139498,
        0.008562178344582902,
        0.004973123145824382,
        0.002814739464453597,
        0.0015524271734347938,
        0.0008343500851569782,
        0.0004601732276513802,
        0.0002063510777876421,
        9.495724149488017e-05,
        4.149325720214717e-05,
        1e-05
    ],
    "x_NN": [
        0.0,
        0.615,
        1.277,
        1.994,
        2.775,
        3.634,
        4.587,
        5.657,
        6.878,
        8.3,
        10.0,
        10.0,
        10.0,
        10.0,
        10.0,
        10.0,
        10.0,
        10.0
    ],
    "y_Adadelta": [
        0.27366075,
        0.249817,
        0.223313625,
        0.19445725,
        0.163417,
        0.130893375,
        0.098412,
        0.067869875,
        0.0413715,
        0.021321375,
        0.008672625,
        0.008672625,
        0.008672625,
        0.008672625,
        0.008672625,
        0.008672625,
        0.008672625,
        0.008672625
    ],
    "y_Adagrad": [
        0.250790625,
        0.22333725,
        0.193277125,
        0.1608145,
        0.127052875,
        0.09335175,
        0.062186875,
        0.03577575,
        0.01666675,
        0.005692625,
        0.001223875,
        0.001223875,
        0.001223875,
        0.001223875,
        0.001223875,
        0.001223875,
        0.001223875,
        0.001223875
    ],
    "y_Adam": [
        0.22526,
        0.191770375,
        0.15603875,
        0.119112125,
        0.083342875,
        0.051640125,
        0.0271155,
        0.01121,
        0.003328625,
        0.0006195,
        5.7875e-05,
        5.7875e-05,
        5.7875e-05,
        5.7875e-05,
        5.7875e-05,
        5.7875e-05,
        5.7875e-05,
        5.7875e-05
    ],
    "y_Adamax": [
        0.230528625,
        0.1994215,
        0.165885875,
        0.130756625,
        0.09571075,
        0.063262625,
        0.036242375,
        0.01682725,
        0.005814375,
        0.001293375,
        0.000152625,
        0.000152625,
        0.000152625,
        0.000152625,
        0.000152625,
        0.000152625,
        0.000152625,
        0.000152625
    ],
    "y_Nadam": [
        0.223691875,
        0.190098625,
        0.15403825,
        0.117114875,
        0.081604,
        0.050421625,
        0.026270875,
        0.010851625,
        0.003258125,
        0.000630875,
        7.6375e-05,
        7.6375e-05,
        7.6375e-05,
        7.6375e-05,
        7.6375e-05,
        7.6375e-05,
        7.6375e-05,
        7.6375e-05
    ],
    "y_RMSprop": [
        0.238599875,
        0.209059625,
        0.176844,
        0.1427885,
        0.108153125,
        0.0749715,
        0.045873375,
        0.023478375,
        0.009266,
        0.002509125,
        0.000395125,
        0.000395125,
        0.000395125,
        0.000395125,
        0.000395125,
        0.000395125,
        0.000395125,
        0.000395125
    ],
    "y_SGD": [
        0.267280625,
        0.24231175,
        0.21474225,
        0.18468575,
        0.152705375,
        0.119689375,
        0.087085875,
        0.057183375,
        0.032603625,
        0.015237125,
        0.005423375,
        0.005423375,
        0.005423375,
        0.005423375,
        0.005423375,
        0.005423375,
        0.005423375,
        0.005423375
    ]
}