{
    "x_MAP": [
        0.0,
        0.5,
        1.0,
        1.5,
        2.0,
        2.5,
        3.0,
        3.5,
        4.0,
        4.5,
        5.0,
        5.5,
        6.0,
        6.5,
        7.0,
        7.5,
        8.0,
        8.6
    ],
    "y_MAP": [
        0.13998045980139506,
        0.1109031343115594,
        0.08562178344582902,
        0.06610354022862211,
        0.04722340555418245,
        0.032874104593189374,
        0.02230050032134791,
        0.013998045980139498,
        0.008562178344582902,
        0.004973123145824382,
        0.002814739464453597,
        0.0015524271734347938,
        0.0008343500851569782,
        0.0004601732276513802,
        0.0002063510777876421,
        9.495724149488017e-05,
        4.149325720214717e-05,
        1e-05
    ],
    "x_NN": [
        0.0,
        0.615,
        1.277,
        1.994,
        2.775,
        3.634,
        4.587,
        5.657,
        6.878,
        8.3,
        10.0,
        10.0,
        10.0,
        10.0,
        10.0,
        10.0,
        10.0,
        10.0
    ],
    "y_Adadelta": [
        0.2354225,
        0.20542325,
        0.172866625,
        0.138578875,
        0.103956875,
        0.071014125,
        0.042646,
        0.021241875,
        0.0079945,
        0.001991875,
        0.000286125,
        0.000286125,
        0.000286125,
        0.000286125,
        0.000286125,
        0.000286125,
        0.000286125,
        0.000286125
    ],
    "y_Adagrad": [
        0.234075125,
        0.203865625,
        0.17109075,
        0.136712,
        0.10200575,
        0.069276625,
        0.041142625,
        0.02019725,
        0.007506125,
        0.00178775,
        0.000223,
        0.000223,
        0.000223,
        0.000223,
        0.000223,
        0.000223,
        0.000223,
        0.000223
    ],
    "y_Adam": [
        0.21721475,
        0.18121225,
        0.1434255,
        0.105529125,
        0.070229125,
        0.040715125,
        0.01952125,
        0.00718625,
        0.001833625,
        0.000293125,
        2.2875e-05,
        2.2875e-05,
        2.2875e-05,
        2.2875e-05,
        2.2875e-05,
        2.2875e-05,
        2.2875e-05,
        2.2875e-05
    ],
    "y_Adamax": [
        0.21954275,
        0.18552725,
        0.149168375,
        0.112321125,
        0.07711225,
        0.046756125,
        0.023700375,
        0.009395875,
        0.00265075,
        0.000453375,
        4.15e-05,
        4.15e-05,
        4.15e-05,
        4.15e-05,
        4.15e-05,
        4.15e-05,
        4.15e-05,
        4.15e-05
    ],
    "y_Nadam": [
        0.215733125,
        0.180231125,
        0.14276225,
        0.105166625,
        0.070225125,
        0.04092675,
        0.019716,
        0.007301625,
        0.001939125,
        0.000340125,
        3.225e-05,
        3.225e-05,
        3.225e-05,
        3.225e-05,
        3.225e-05,
        3.225e-05,
        3.225e-05,
        3.225e-05
    ],
    "y_RMSprop": [
        0.22184525,
        0.189011625,
        0.15399975,
        0.118012625,
        0.083002,
        0.051937125,
        0.027501625,
        0.0114755,
        0.003429875,
        0.00064575,
        5.975e-05,
        5.975e-05,
        5.975e-05,
        5.975e-05,
        5.975e-05,
        5.975e-05,
        5.975e-05,
        5.975e-05
    ],
    "y_SGD": [
        0.231358,
        0.20060125,
        0.167501375,
        0.132687,
        0.0978335,
        0.065305125,
        0.03796475,
        0.018040625,
        0.006361,
        0.00143575,
        0.00017675,
        0.00017675,
        0.00017675,
        0.00017675,
        0.00017675,
        0.00017675,
        0.00017675,
        0.00017675
    ]
}