{
    "x_MAP": [
        0.0,
        0.5,
        1.0,
        1.5,
        2.0,
        2.5,
        3.0,
        3.5,
        4.0,
        4.5,
        5.0,
        5.5,
        6.0,
        6.5,
        7.0,
        7.5,
        7.6
    ],
    "y_MAP": [
        0.12299505200127775,
        0.09744600632908476,
        0.0752323268712176,
        0.0565990300645773,
        0.040433522039347705,
        0.02814739464453595,
        0.01860642434215985,
        0.011679270855560687,
        0.006783606914108303,
        0.0035527266826243264,
        0.0016777185295673398,
        0.0007331089800444447,
        0.0003203450204250928,
        0.00012952677443553274,
        4.3696780307570616e-05,
        1.3640536771754914e-05,
        1e-05
    ],
    "x_NN": [
        0.0,
        0.615,
        1.277,
        1.994,
        2.775,
        3.634,
        4.587,
        5.657,
        6.878,
        8.3,
        10.0,
        10.0,
        10.0,
        10.0,
        10.0,
        10.0,
        10.0
    ],
    "y_Adadelta": [
        0.133171125,
        0.10404,
        0.076071875,
        0.05066325,
        0.0298035,
        0.01475725,
        0.00572775,
        0.001564875,
        0.000257625,
        2e-05,
        1e-06,
        1e-06,
        1e-06,
        1e-06,
        1e-06,
        1e-06,
        1e-06
    ],
    "y_Adagrad": [
        0.13060725,
        0.101405625,
        0.0734065,
        0.048333375,
        0.027981125,
        0.013499625,
        0.005016375,
        0.001291875,
        0.00018625,
        1.6e-05,
        8.75e-07,
        8.75e-07,
        8.75e-07,
        8.75e-07,
        8.75e-07,
        8.75e-07,
        8.75e-07
    ],
    "y_Adam": [
        0.125768,
        0.096449875,
        0.06862725,
        0.044061125,
        0.024549,
        0.011131875,
        0.003690625,
        0.00075975,
        6.6375e-05,
        1.875e-06,
        0.0,
        0.0,
        0.0,
        0.0,
        0.0,
        0.0,
        0.0
    ],
    "y_Adamax": [
        0.12589425,
        0.096639875,
        0.068827,
        0.044185875,
        0.0245665,
        0.011143875,
        0.00367925,
        0.000739375,
        6.225e-05,
        1.75e-06,
        0.0,
        0.0,
        0.0,
        0.0,
        0.0,
        0.0,
        0.0
    ],
    "y_Nadam": [
        0.126199125,
        0.09686275,
        0.069073375,
        0.04433625,
        0.02475175,
        0.011297125,
        0.00379275,
        0.0007795,
        7.25e-05,
        1.25e-06,
        0.0,
        0.0,
        0.0,
        0.0,
        0.0,
        0.0,
        0.0
    ],
    "y_RMSprop": [
        0.1275275,
        0.09824125,
        0.070194625,
        0.045218625,
        0.025307875,
        0.011489125,
        0.00385125,
        0.000787125,
        6.825e-05,
        1.625e-06,
        0.0,
        0.0,
        0.0,
        0.0,
        0.0,
        0.0,
        0.0
    ],
    "y_SGD": [
        0.1312975,
        0.101952625,
        0.0738905,
        0.0486515,
        0.028095125,
        0.013455375,
        0.00493925,
        0.0012235,
        0.00017475,
        1.2375e-05,
        7.5e-07,
        7.5e-07,
        7.5e-07,
        7.5e-07,
        7.5e-07,
        7.5e-07,
        7.5e-07
    ]
}