{
    "x_MAP": [
        0.0,
        0.5,
        1.0,
        1.5,
        2.0,
        2.5,
        3.0,
        3.5,
        4.0,
        4.5,
        5.0,
        5.5,
        6.0,
        6.5,
        7.0,
        7.5,
        7.6
    ],
    "y_MAP": [
        0.12299505200127775,
        0.09744600632908476,
        0.0752323268712176,
        0.0565990300645773,
        0.040433522039347705,
        0.02814739464453595,
        0.01860642434215985,
        0.011679270855560687,
        0.006783606914108303,
        0.0035527266826243264,
        0.0016777185295673398,
        0.0007331089800444447,
        0.0003203450204250928,
        0.00012952677443553274,
        4.3696780307570616e-05,
        1.3640536771754914e-05,
        1e-05
    ],
    "x_NN": [
        0.0,
        0.615,
        1.277,
        1.994,
        2.775,
        3.634,
        4.587,
        5.657,
        6.878,
        8.3,
        10.0,
        10.0,
        10.0,
        10.0,
        10.0,
        10.0,
        10.0
    ],
    "y_Adadelta": [
        0.130377375,
        0.10129075,
        0.073275125,
        0.048118875,
        0.0276235,
        0.0130875,
        0.004631375,
        0.001051,
        0.000113875,
        4.25e-06,
        0.0,
        0.0,
        0.0,
        0.0,
        0.0,
        0.0,
        0.0
    ],
    "y_Adagrad": [
        0.126209625,
        0.09707,
        0.06935425,
        0.044702875,
        0.025013875,
        0.011353625,
        0.003788625,
        0.00078075,
        6.5625e-05,
        1.25e-06,
        0.0,
        0.0,
        0.0,
        0.0,
        0.0,
        0.0,
        0.0
    ],
    "y_Adam": [
        0.125407125,
        0.096086125,
        0.068316125,
        0.04378175,
        0.02438425,
        0.011089625,
        0.00369425,
        0.0007615,
        7.0875e-05,
        1.625e-06,
        0.0,
        0.0,
        0.0,
        0.0,
        0.0,
        0.0,
        0.0
    ],
    "y_Adamax": [
        0.124475375,
        0.095244625,
        0.06762275,
        0.043188,
        0.023957125,
        0.010789,
        0.0035355,
        0.000710625,
        6.0375e-05,
        1.75e-06,
        0.0,
        0.0,
        0.0,
        0.0,
        0.0,
        0.0,
        0.0
    ],
    "y_Nadam": [
        0.12514325,
        0.09589025,
        0.068183125,
        0.043679875,
        0.02430775,
        0.0110425,
        0.00365325,
        0.000761625,
        6.8125e-05,
        2e-06,
        0.0,
        0.0,
        0.0,
        0.0,
        0.0,
        0.0,
        0.0
    ],
    "y_RMSprop": [
        0.125222625,
        0.095987875,
        0.0681665,
        0.04370025,
        0.02438825,
        0.0110905,
        0.003690375,
        0.00075375,
        6.3625e-05,
        2e-06,
        0.0,
        0.0,
        0.0,
        0.0,
        0.0,
        0.0,
        0.0
    ],
    "y_SGD": [
        0.128833375,
        0.0996845,
        0.071750375,
        0.04677725,
        0.026490875,
        0.01231925,
        0.004245625,
        0.000921875,
        8.875e-05,
        2.625e-06,
        0.0,
        0.0,
        0.0,
        0.0,
        0.0,
        0.0,
        0.0
    ]
}