{
    "x_MAP": [
        0.0,
        0.5,
        1.0,
        1.5,
        2.0,
        2.5,
        3.0,
        3.5,
        4.0,
        4.5,
        5.0,
        5.5,
        6.0,
        6.5,
        7.0,
        7.5,
        8.0,
        8.6
    ],
    "y_MAP": [
        0.13998045980139506,
        0.1109031343115594,
        0.08562178344582902,
        0.06610354022862211,
        0.04722340555418245,
        0.032874104593189374,
        0.02230050032134791,
        0.013998045980139498,
        0.008562178344582902,
        0.004973123145824382,
        0.002814739464453597,
        0.0015524271734347938,
        0.0008343500851569782,
        0.0004601732276513802,
        0.0002063510777876421,
        9.495724149488017e-05,
        4.149325720214717e-05,
        1e-05
    ],
    "x_NN": [
        0.0,
        0.615,
        1.277,
        1.994,
        2.775,
        3.634,
        4.587,
        5.657,
        6.878,
        8.3,
        10.0,
        10.0,
        10.0,
        10.0,
        10.0,
        10.0,
        10.0,
        10.0
    ],
    "y_Adadelta": [
        0.170994625,
        0.137755375,
        0.10433975,
        0.07256775,
        0.04487775,
        0.023525875,
        0.009788125,
        0.002909125,
        0.0005635,
        5.3375e-05,
        1.25e-06,
        1.25e-06,
        1.25e-06,
        1.25e-06,
        1.25e-06,
        1.25e-06,
        1.25e-06,
        1.25e-06
    ],
    "y_Adagrad": [
        0.1618815,
        0.128195375,
        0.094955,
        0.064201625,
        0.038299375,
        0.019173,
        0.007551,
        0.002164,
        0.00040225,
        4.2125e-05,
        8.75e-07,
        8.75e-07,
        8.75e-07,
        8.75e-07,
        8.75e-07,
        8.75e-07,
        8.75e-07,
        8.75e-07
    ],
    "y_Adam": [
        0.151237625,
        0.11648,
        0.08328125,
        0.053930125,
        0.030575375,
        0.014681125,
        0.00573125,
        0.001741875,
        0.000387625,
        5.0125e-05,
        1.625e-06,
        1.625e-06,
        1.625e-06,
        1.625e-06,
        1.625e-06,
        1.625e-06,
        1.625e-06,
        1.625e-06
    ],
    "y_Adamax": [
        0.146383375,
        0.1126625,
        0.080390375,
        0.051906125,
        0.029377625,
        0.013910875,
        0.005259,
        0.001531125,
        0.000308375,
        2.925e-05,
        0.0,
        0.0,
        0.0,
        0.0,
        0.0,
        0.0,
        0.0,
        0.0
    ],
    "y_Nadam": [
        0.151125375,
        0.1162845,
        0.08330275,
        0.054008,
        0.030706375,
        0.014671375,
        0.00566925,
        0.001731625,
        0.000376875,
        4.675e-05,
        2e-06,
        2e-06,
        2e-06,
        2e-06,
        2e-06,
        2e-06,
        2e-06,
        2e-06
    ],
    "y_RMSprop": [
        0.1483595,
        0.114520875,
        0.082305625,
        0.053466875,
        0.030467875,
        0.01456725,
        0.0055445,
        0.00162,
        0.00031,
        3.025e-05,
        8.75e-07,
        8.75e-07,
        8.75e-07,
        8.75e-07,
        8.75e-07,
        8.75e-07,
        8.75e-07,
        8.75e-07
    ],
    "y_SGD": [
        0.169292625,
        0.13574075,
        0.102286875,
        0.07083275,
        0.043496875,
        0.022651625,
        0.009303,
        0.0027515,
        0.00052475,
        5e-05,
        1.25e-06,
        1.25e-06,
        1.25e-06,
        1.25e-06,
        1.25e-06,
        1.25e-06,
        1.25e-06,
        1.25e-06
    ]
}