{
    "x_MAP": [
        0.0,
        0.5,
        1.0,
        1.5,
        2.0,
        2.5,
        3.0,
        3.5,
        4.0,
        4.5,
        5.0,
        5.5,
        6.0,
        6.5,
        7.0,
        7.5,
        8.0,
        8.6
    ],
    "y_MAP": [
        0.13998045980139506,
        0.1109031343115594,
        0.08562178344582902,
        0.06610354022862211,
        0.04722340555418245,
        0.032874104593189374,
        0.02230050032134791,
        0.013998045980139498,
        0.008562178344582902,
        0.004973123145824382,
        0.002814739464453597,
        0.0015524271734347938,
        0.0008343500851569782,
        0.0004601732276513802,
        0.0002063510777876421,
        9.495724149488017e-05,
        4.149325720214717e-05,
        1e-05
    ],
    "x_NN": [
        0.0,
        0.615,
        1.277,
        1.994,
        2.775,
        3.634,
        4.587,
        5.657,
        6.878,
        8.3,
        10.0,
        10.0,
        10.0,
        10.0,
        10.0,
        10.0,
        10.0,
        10.0
    ],
    "y_Adadelta": [
        0.2737144375,
        0.2499455,
        0.2236223125,
        0.1948134375,
        0.163874375,
        0.1314841875,
        0.0990719375,
        0.0684204375,
        0.0420126875,
        0.021895,
        0.009187875,
        0.009187875,
        0.009187875,
        0.009187875,
        0.009187875,
        0.009187875,
        0.009187875,
        0.009187875
    ],
    "y_Adagrad": [
        0.252142,
        0.2250099375,
        0.1952424375,
        0.163167125,
        0.12967025,
        0.096181,
        0.064776375,
        0.03803375,
        0.018230875,
        0.0065039375,
        0.001480625,
        0.001480625,
        0.001480625,
        0.001480625,
        0.001480625,
        0.001480625,
        0.001480625,
        0.001480625
    ],
    "y_Adam": [
        0.224332875,
        0.191384,
        0.156066,
        0.1196624375,
        0.084352375,
        0.0527411875,
        0.0278860625,
        0.0116233125,
        0.003434125,
        0.00062075,
        5.13125e-05,
        5.13125e-05,
        5.13125e-05,
        5.13125e-05,
        5.13125e-05,
        5.13125e-05,
        5.13125e-05,
        5.13125e-05
    ],
    "y_Adamax": [
        0.22951025,
        0.1984225,
        0.164712875,
        0.129565375,
        0.0946250625,
        0.0623315,
        0.035515125,
        0.0164191875,
        0.00562525,
        0.0012695,
        0.000163375,
        0.000163375,
        0.000163375,
        0.000163375,
        0.000163375,
        0.000163375,
        0.000163375,
        0.000163375
    ],
    "y_Nadam": [
        0.2256074375,
        0.1931974375,
        0.158417875,
        0.122453625,
        0.087273125,
        0.0555803125,
        0.030185625,
        0.0130784375,
        0.004154125,
        0.0008601875,
        0.0001128125,
        0.0001128125,
        0.0001128125,
        0.0001128125,
        0.0001128125,
        0.0001128125,
        0.0001128125,
        0.0001128125
    ],
    "y_RMSprop": [
        0.2370880625,
        0.20758075,
        0.175504875,
        0.1416000625,
        0.107068625,
        0.074095125,
        0.045136,
        0.02287125,
        0.0088549375,
        0.0022853125,
        0.0003185,
        0.0003185,
        0.0003185,
        0.0003185,
        0.0003185,
        0.0003185,
        0.0003185,
        0.0003185
    ],
    "y_SGD": [
        0.26796275,
        0.243097125,
        0.21564025,
        0.1856408125,
        0.153583,
        0.1204974375,
        0.0879634375,
        0.05805625,
        0.033356125,
        0.0158193125,
        0.0058658125,
        0.0058658125,
        0.0058658125,
        0.0058658125,
        0.0058658125,
        0.0058658125,
        0.0058658125,
        0.0058658125
    ]
}