{
    "x_MAP": [
        0.0,
        0.5,
        1.0,
        1.5,
        2.0,
        2.5,
        3.0,
        3.5,
        4.0,
        4.5,
        5.0,
        5.5,
        6.0,
        6.5,
        7.0,
        7.5,
        7.6
    ],
    "y_MAP": [
        0.12299505200127775,
        0.09744600632908476,
        0.0752323268712176,
        0.0565990300645773,
        0.040433522039347705,
        0.02814739464453595,
        0.01860642434215985,
        0.011679270855560687,
        0.006783606914108303,
        0.0035527266826243264,
        0.0016777185295673398,
        0.0007331089800444447,
        0.0003203450204250928,
        0.00012952677443553274,
        4.3696780307570616e-05,
        1.3640536771754914e-05,
        1e-05
    ],
    "x_NN": [
        0.0,
        0.615,
        1.277,
        1.994,
        2.775,
        3.634,
        4.587,
        5.657,
        6.878,
        8.3,
        10.0,
        10.0,
        10.0,
        10.0,
        10.0,
        10.0,
        10.0
    ],
    "y_Adadelta": [
        0.151524375,
        0.12302425,
        0.094545,
        0.0676021875,
        0.04383825,
        0.02481025,
        0.0115986875,
        0.0041218125,
        0.0009664375,
        0.0001199375,
        6.3125e-06,
        6.3125e-06,
        6.3125e-06,
        6.3125e-06,
        6.3125e-06,
        6.3125e-06,
        6.3125e-06
    ],
    "y_Adagrad": [
        0.1373713125,
        0.1082735,
        0.07996875,
        0.054125,
        0.0324616875,
        0.016467625,
        0.0066165625,
        0.0018604375,
        0.00032375,
        2.61875e-05,
        1.3125e-06,
        1.3125e-06,
        1.3125e-06,
        1.3125e-06,
        1.3125e-06,
        1.3125e-06,
        1.3125e-06
    ],
    "y_Adam": [
        0.126543875,
        0.097165125,
        0.069279375,
        0.0445888125,
        0.0248968125,
        0.011317875,
        0.00379175,
        0.000784625,
        7.08125e-05,
        2.1875e-06,
        0.0,
        0.0,
        0.0,
        0.0,
        0.0,
        0.0,
        0.0
    ],
    "y_Adamax": [
        0.126844,
        0.09744975,
        0.06955325,
        0.044833125,
        0.0250506875,
        0.0114029375,
        0.00379925,
        0.000792875,
        7.2875e-05,
        2e-06,
        0.0,
        0.0,
        0.0,
        0.0,
        0.0,
        0.0,
        0.0
    ],
    "y_Nadam": [
        0.126878875,
        0.09749175,
        0.0694673125,
        0.0447224375,
        0.0250223125,
        0.0113990625,
        0.003847625,
        0.0008055,
        7.2625e-05,
        1.9375e-06,
        0.0,
        0.0,
        0.0,
        0.0,
        0.0,
        0.0,
        0.0
    ],
    "y_RMSprop": [
        0.1276719375,
        0.098308,
        0.0702844375,
        0.045475625,
        0.0255538125,
        0.0117024375,
        0.003946875,
        0.0008225,
        7.50625e-05,
        2.25e-06,
        6.25e-08,
        6.25e-08,
        6.25e-08,
        6.25e-08,
        6.25e-08,
        6.25e-08,
        6.25e-08
    ],
    "y_SGD": [
        0.1441931875,
        0.1153818125,
        0.0870815,
        0.0607869375,
        0.0381165,
        0.0206228125,
        0.009115625,
        0.0030145,
        0.0006664375,
        8.09375e-05,
        4.875e-06,
        4.875e-06,
        4.875e-06,
        4.875e-06,
        4.875e-06,
        4.875e-06,
        4.875e-06
    ]
}