{
    "x_MAP": [
        0.0,
        0.5,
        1.0,
        1.5,
        2.0,
        2.5,
        3.0,
        3.5,
        4.0,
        4.5,
        5.0,
        5.5,
        6.0,
        6.5,
        7.0,
        7.5,
        7.6
    ],
    "y_MAP": [
        0.12299505200127775,
        0.09744600632908476,
        0.0752323268712176,
        0.0565990300645773,
        0.040433522039347705,
        0.02814739464453595,
        0.01860642434215985,
        0.011679270855560687,
        0.006783606914108303,
        0.0035527266826243264,
        0.0016777185295673398,
        0.0007331089800444447,
        0.0003203450204250928,
        0.00012952677443553274,
        4.3696780307570616e-05,
        1.3640536771754914e-05,
        1e-05
    ],
    "x_NN": [
        0.0,
        0.615,
        1.277,
        1.994,
        2.775,
        3.634,
        4.587,
        5.657,
        6.878,
        8.3,
        10.0,
        10.0,
        10.0,
        10.0,
        10.0,
        10.0,
        10.0
    ],
    "y_Adadelta": [
        0.1331485,
        0.1040108125,
        0.075876,
        0.0505215,
        0.0295980625,
        0.014560125,
        0.005590125,
        0.0015048125,
        0.0002425,
        2.09375e-05,
        9.375e-07,
        9.375e-07,
        9.375e-07,
        9.375e-07,
        9.375e-07,
        9.375e-07,
        9.375e-07
    ],
    "y_Adagrad": [
        0.13140425,
        0.102080375,
        0.074002125,
        0.0487848125,
        0.02820475,
        0.01356725,
        0.0050243125,
        0.001279,
        0.000200125,
        1.64375e-05,
        8.125e-07,
        8.125e-07,
        8.125e-07,
        8.125e-07,
        8.125e-07,
        8.125e-07,
        8.125e-07
    ],
    "y_Adam": [
        0.1259205,
        0.0965264375,
        0.0687156875,
        0.0441035625,
        0.024628125,
        0.0111774375,
        0.0037506875,
        0.0007703125,
        6.98125e-05,
        1.3125e-06,
        0.0,
        0.0,
        0.0,
        0.0,
        0.0,
        0.0,
        0.0
    ],
    "y_Adamax": [
        0.12680125,
        0.0974520625,
        0.0695311875,
        0.0448209375,
        0.0250393125,
        0.0114063125,
        0.00382875,
        0.0007961875,
        7.0125e-05,
        1.4375e-06,
        0.0,
        0.0,
        0.0,
        0.0,
        0.0,
        0.0,
        0.0
    ],
    "y_Nadam": [
        0.12605775,
        0.0967456875,
        0.0688435625,
        0.044291625,
        0.0247271875,
        0.0112775625,
        0.0038035,
        0.0008020625,
        7.15625e-05,
        1.625e-06,
        0.0,
        0.0,
        0.0,
        0.0,
        0.0,
        0.0,
        0.0
    ],
    "y_RMSprop": [
        0.127446375,
        0.098084375,
        0.07007225,
        0.04533875,
        0.0254959375,
        0.01171075,
        0.0039869375,
        0.0008641875,
        9.3875e-05,
        4.8125e-06,
        6.25e-08,
        6.25e-08,
        6.25e-08,
        6.25e-08,
        6.25e-08,
        6.25e-08,
        6.25e-08
    ],
    "y_SGD": [
        0.131033625,
        0.1017411875,
        0.0736878125,
        0.04842,
        0.0279246875,
        0.0133416875,
        0.0048404375,
        0.001177625,
        0.0001611875,
        1.1875e-05,
        5e-07,
        5e-07,
        5e-07,
        5e-07,
        5e-07,
        5e-07,
        5e-07
    ]
}