{
    "x_MAP": [
        0.0,
        0.5,
        1.0,
        1.5,
        2.0,
        2.5,
        3.0,
        3.5,
        4.0,
        4.5,
        5.0,
        5.5,
        6.0,
        6.5,
        7.0,
        7.5,
        8.0,
        8.6
    ],
    "y_MAP": [
        0.13998045980139506,
        0.1109031343115594,
        0.08562178344582902,
        0.06610354022862211,
        0.04722340555418245,
        0.032874104593189374,
        0.02230050032134791,
        0.013998045980139498,
        0.008562178344582902,
        0.004973123145824382,
        0.002814739464453597,
        0.0015524271734347938,
        0.0008343500851569782,
        0.0004601732276513802,
        0.0002063510777876421,
        9.495724149488017e-05,
        4.149325720214717e-05,
        1e-05
    ],
    "x_NN": [
        0.0,
        0.615,
        1.277,
        1.994,
        2.775,
        3.634,
        4.587,
        5.657,
        6.878,
        8.3,
        10.0,
        10.0,
        10.0,
        10.0,
        10.0,
        10.0,
        10.0,
        10.0
    ],
    "y_Adadelta": [
        0.234191875,
        0.204175375,
        0.1714614375,
        0.1371495,
        0.1024904375,
        0.0697926875,
        0.0415914375,
        0.0204248125,
        0.0075373125,
        0.0018325625,
        0.00023325,
        0.00023325,
        0.00023325,
        0.00023325,
        0.00023325,
        0.00023325,
        0.00023325,
        0.00023325
    ],
    "y_Adagrad": [
        0.234220375,
        0.2038773125,
        0.1710636875,
        0.13655075,
        0.1016984375,
        0.0689425,
        0.0408256875,
        0.01982025,
        0.0072415,
        0.0017336875,
        0.0002246875,
        0.0002246875,
        0.0002246875,
        0.0002246875,
        0.0002246875,
        0.0002246875,
        0.0002246875,
        0.0002246875
    ],
    "y_Adam": [
        0.21619825,
        0.180249,
        0.142356625,
        0.1043133125,
        0.0690826875,
        0.0397160625,
        0.018869375,
        0.0068700625,
        0.001778375,
        0.0002949375,
        2.35625e-05,
        2.35625e-05,
        2.35625e-05,
        2.35625e-05,
        2.35625e-05,
        2.35625e-05,
        2.35625e-05,
        2.35625e-05
    ],
    "y_Adamax": [
        0.2184381875,
        0.184300375,
        0.1480439375,
        0.111236,
        0.0761913125,
        0.04590875,
        0.0231506875,
        0.0090963125,
        0.00250625,
        0.00042625,
        3.73125e-05,
        3.73125e-05,
        3.73125e-05,
        3.73125e-05,
        3.73125e-05,
        3.73125e-05,
        3.73125e-05,
        3.73125e-05
    ],
    "y_Nadam": [
        0.2158375,
        0.1797305625,
        0.1418416875,
        0.1039906875,
        0.06889925,
        0.0397721875,
        0.018999375,
        0.0070291875,
        0.001837,
        0.000315125,
        3.1125e-05,
        3.1125e-05,
        3.1125e-05,
        3.1125e-05,
        3.1125e-05,
        3.1125e-05,
        3.1125e-05,
        3.1125e-05
    ],
    "y_RMSprop": [
        0.2221971875,
        0.189272,
        0.1540021875,
        0.1176919375,
        0.082539125,
        0.0513114375,
        0.026941125,
        0.0111205,
        0.0032819375,
        0.0006165,
        6.64375e-05,
        6.64375e-05,
        6.64375e-05,
        6.64375e-05,
        6.64375e-05,
        6.64375e-05,
        6.64375e-05,
        6.64375e-05
    ],
    "y_SGD": [
        0.2328416875,
        0.20222375,
        0.169108125,
        0.13429475,
        0.0995703125,
        0.066880375,
        0.0392005,
        0.0188520625,
        0.006789625,
        0.001608875,
        0.000204625,
        0.000204625,
        0.000204625,
        0.000204625,
        0.000204625,
        0.000204625,
        0.000204625,
        0.000204625
    ]
}