{
    "x_MAP": [
        0.0,
        0.5,
        1.0,
        1.5,
        2.0,
        2.5,
        3.0,
        3.5,
        4.0,
        4.5,
        5.0,
        5.5,
        6.0,
        6.5,
        7.0,
        7.5,
        7.6
    ],
    "y_MAP": [
        0.12299505200127775,
        0.09744600632908476,
        0.0752323268712176,
        0.0565990300645773,
        0.040433522039347705,
        0.02814739464453595,
        0.01860642434215985,
        0.011679270855560687,
        0.006783606914108303,
        0.0035527266826243264,
        0.0016777185295673398,
        0.0007331089800444447,
        0.0003203450204250928,
        0.00012952677443553274,
        4.3696780307570616e-05,
        1.3640536771754914e-05,
        1e-05
    ],
    "x_NN": [
        0.0,
        0.615,
        1.277,
        1.994,
        2.775,
        3.634,
        4.587,
        5.657,
        6.878,
        8.3,
        10.0,
        10.0,
        10.0,
        10.0,
        10.0,
        10.0,
        10.0
    ],
    "y_Adadelta": [
        0.21742525,
        0.1944285,
        0.1702259375,
        0.145159375,
        0.12009225,
        0.095958125,
        0.074109625,
        0.0557115625,
        0.041566125,
        0.031671625,
        0.02509625,
        0.02509625,
        0.02509625,
        0.02509625,
        0.02509625,
        0.02509625,
        0.02509625
    ],
    "y_Adagrad": [
        0.1555230625,
        0.1271510625,
        0.0986804375,
        0.0714860625,
        0.047055875,
        0.027213125,
        0.0131449375,
        0.0049141875,
        0.0012463125,
        0.0001780625,
        1.2375e-05,
        1.2375e-05,
        1.2375e-05,
        1.2375e-05,
        1.2375e-05,
        1.2375e-05,
        1.2375e-05
    ],
    "y_Adam": [
        0.127009625,
        0.0976335,
        0.069709625,
        0.0450024375,
        0.02521825,
        0.0115556875,
        0.0039059375,
        0.00081375,
        7.73125e-05,
        2e-06,
        0.0,
        0.0,
        0.0,
        0.0,
        0.0,
        0.0,
        0.0
    ],
    "y_Adamax": [
        0.129052125,
        0.0996949375,
        0.071645875,
        0.0465611875,
        0.026358375,
        0.012240625,
        0.004245625,
        0.0009305625,
        9.575e-05,
        3.5625e-06,
        0.0,
        0.0,
        0.0,
        0.0,
        0.0,
        0.0,
        0.0
    ],
    "y_Nadam": [
        0.126869625,
        0.0974373125,
        0.0695920625,
        0.0448638125,
        0.0250638125,
        0.011459625,
        0.0038196875,
        0.0007935625,
        7.35625e-05,
        1.3125e-06,
        0.0,
        0.0,
        0.0,
        0.0,
        0.0,
        0.0,
        0.0
    ],
    "y_RMSprop": [
        0.1340221875,
        0.1049123125,
        0.076871,
        0.051480375,
        0.0303906875,
        0.0150961875,
        0.0058748125,
        0.001607,
        0.00027375,
        2.45e-05,
        6.875e-07,
        6.875e-07,
        6.875e-07,
        6.875e-07,
        6.875e-07,
        6.875e-07,
        6.875e-07
    ],
    "y_SGD": [
        0.2085734375,
        0.18450675,
        0.1593238125,
        0.1334420625,
        0.1079214375,
        0.0837765625,
        0.062359,
        0.044963875,
        0.03240875,
        0.024271375,
        0.0193470625,
        0.0193470625,
        0.0193470625,
        0.0193470625,
        0.0193470625,
        0.0193470625,
        0.0193470625
    ]
}