{
    "x_MAP": [
        0.0,
        0.5,
        1.0,
        1.5,
        2.0,
        2.5,
        3.0,
        3.5,
        4.0,
        4.5,
        5.0,
        5.5,
        6.0,
        6.5,
        7.0,
        7.5,
        8.0,
        8.6
    ],
    "y_MAP": [
        0.13998045980139506,
        0.1109031343115594,
        0.08562178344582902,
        0.06610354022862211,
        0.04722340555418245,
        0.032874104593189374,
        0.02230050032134791,
        0.013998045980139498,
        0.008562178344582902,
        0.004973123145824382,
        0.002814739464453597,
        0.0015524271734347938,
        0.0008343500851569782,
        0.0004601732276513802,
        0.0002063510777876421,
        9.495724149488017e-05,
        4.149325720214717e-05,
        1e-05
    ],
    "x_NN": [
        0.0,
        0.615,
        1.277,
        1.994,
        2.775,
        3.634,
        4.587,
        5.657,
        6.878,
        8.3,
        10.0,
        10.0,
        10.0,
        10.0,
        10.0,
        10.0,
        10.0,
        10.0
    ],
    "y_Adadelta": [
        0.249818,
        0.222188375,
        0.1919281875,
        0.159463125,
        0.1256798125,
        0.0921669375,
        0.0611419375,
        0.035099375,
        0.0163171875,
        0.00557325,
        0.0011979375,
        0.0011979375,
        0.0011979375,
        0.0011979375,
        0.0011979375,
        0.0011979375,
        0.0011979375,
        0.0011979375
    ],
    "y_Adagrad": [
        0.2416079375,
        0.2126816875,
        0.181102875,
        0.1475513125,
        0.1131200625,
        0.0797724375,
        0.0499750625,
        0.0263545,
        0.0108125,
        0.0030440625,
        0.0004751875,
        0.0004751875,
        0.0004751875,
        0.0004751875,
        0.0004751875,
        0.0004751875,
        0.0004751875,
        0.0004751875
    ],
    "y_Adam": [
        0.21877225,
        0.18374025,
        0.1466101875,
        0.109005375,
        0.0736534375,
        0.04363625,
        0.02151425,
        0.0082285,
        0.00224375,
        0.0003834375,
        3.58125e-05,
        3.58125e-05,
        3.58125e-05,
        3.58125e-05,
        3.58125e-05,
        3.58125e-05,
        3.58125e-05,
        3.58125e-05
    ],
    "y_Adamax": [
        0.22401775,
        0.191536125,
        0.15657,
        0.120654,
        0.08561,
        0.0540908125,
        0.0290818125,
        0.0124689375,
        0.0038605625,
        0.0007488125,
        7.43125e-05,
        7.43125e-05,
        7.43125e-05,
        7.43125e-05,
        7.43125e-05,
        7.43125e-05,
        7.43125e-05,
        7.43125e-05
    ],
    "y_Nadam": [
        0.2184635625,
        0.183558875,
        0.146379875,
        0.1088968125,
        0.07353725,
        0.04343775,
        0.0213908125,
        0.008201,
        0.002229625,
        0.0003805625,
        3.51875e-05,
        3.51875e-05,
        3.51875e-05,
        3.51875e-05,
        3.51875e-05,
        3.51875e-05,
        3.51875e-05,
        3.51875e-05
    ],
    "y_RMSprop": [
        0.2277675625,
        0.1963715625,
        0.1624671875,
        0.12717875,
        0.0921931875,
        0.060162375,
        0.033703,
        0.01519675,
        0.0050375625,
        0.001066125,
        0.00011925,
        0.00011925,
        0.00011925,
        0.00011925,
        0.00011925,
        0.00011925,
        0.00011925,
        0.00011925
    ],
    "y_SGD": [
        0.2438631875,
        0.2153000625,
        0.184079875,
        0.15083525,
        0.1165718125,
        0.0830981875,
        0.05288325,
        0.0285921875,
        0.0121351875,
        0.00360375,
        0.000623875,
        0.000623875,
        0.000623875,
        0.000623875,
        0.000623875,
        0.000623875,
        0.000623875,
        0.000623875
    ]
}