{
    "x_MAP": [
        0.0,
        0.5,
        1.0,
        1.5,
        2.0,
        2.5,
        3.0,
        3.5,
        4.0,
        4.5,
        5.0,
        5.5,
        6.0,
        6.5,
        7.0,
        7.5,
        8.0,
        8.6
    ],
    "y_MAP": [
        0.13998045980139506,
        0.1109031343115594,
        0.08562178344582902,
        0.06610354022862211,
        0.04722340555418245,
        0.032874104593189374,
        0.02230050032134791,
        0.013998045980139498,
        0.008562178344582902,
        0.004973123145824382,
        0.002814739464453597,
        0.0015524271734347938,
        0.0008343500851569782,
        0.0004601732276513802,
        0.0002063510777876421,
        9.495724149488017e-05,
        4.149325720214717e-05,
        1e-05
    ],
    "x_NN": [
        0.0,
        0.615,
        1.277,
        1.994,
        2.775,
        3.634,
        4.587,
        5.657,
        6.878,
        8.3,
        10.0,
        10.0,
        10.0,
        10.0,
        10.0,
        10.0,
        10.0,
        10.0
    ],
    "y_Adadelta": [
        0.4934375,
        0.4926875,
        0.4926875,
        0.49275,
        0.492625,
        0.493,
        0.4925,
        0.4909375,
        0.4909375,
        0.4908125,
        0.4885,
        0.4885,
        0.4885,
        0.4885,
        0.4885,
        0.4885,
        0.4885,
        0.4885
    ],
    "y_Adagrad": [
        0.449125,
        0.446375,
        0.4433125,
        0.440375,
        0.437375,
        0.4325,
        0.431125,
        0.42775,
        0.426375,
        0.424375,
        0.421,
        0.421,
        0.421,
        0.421,
        0.421,
        0.421,
        0.421,
        0.421
    ],
    "y_Adam": [
        0.27275,
        0.246625,
        0.2196875,
        0.19075,
        0.1614375,
        0.1304375,
        0.0980625,
        0.0668125,
        0.0414375,
        0.0225,
        0.0093125,
        0.0093125,
        0.0093125,
        0.0093125,
        0.0093125,
        0.0093125,
        0.0093125,
        0.0093125
    ],
    "y_Adamax": [
        0.3155,
        0.2978125,
        0.2811875,
        0.26125,
        0.2374375,
        0.2151875,
        0.1896875,
        0.1660625,
        0.1408125,
        0.1188125,
        0.0971875,
        0.0971875,
        0.0971875,
        0.0971875,
        0.0971875,
        0.0971875,
        0.0971875,
        0.0971875
    ],
    "y_Nadam": [
        0.2718125,
        0.2461875,
        0.217125,
        0.1889375,
        0.157375,
        0.124625,
        0.09475,
        0.065125,
        0.0403125,
        0.0211875,
        0.009,
        0.009,
        0.009,
        0.009,
        0.009,
        0.009,
        0.009,
        0.009
    ],
    "y_RMSprop": [
        0.371375,
        0.36225,
        0.3524375,
        0.3419375,
        0.331625,
        0.322375,
        0.3105625,
        0.298875,
        0.2871875,
        0.2746875,
        0.2593125,
        0.2593125,
        0.2593125,
        0.2593125,
        0.2593125,
        0.2593125,
        0.2593125,
        0.2593125
    ],
    "y_SGD": [
        0.4936875,
        0.4920625,
        0.4899375,
        0.4893125,
        0.4869375,
        0.486125,
        0.485,
        0.484125,
        0.484375,
        0.4816875,
        0.4789375,
        0.4789375,
        0.4789375,
        0.4789375,
        0.4789375,
        0.4789375,
        0.4789375,
        0.4789375
    ]
}