{
    "x_MAP": [
        0.0,
        0.5,
        1.0,
        1.5,
        2.0,
        2.5,
        3.0,
        3.5,
        4.0,
        4.5,
        5.0,
        5.5,
        6.0,
        6.5,
        7.0,
        7.5,
        7.6
    ],
    "y_MAP": [
        0.12299505200127775,
        0.09744600632908476,
        0.0752323268712176,
        0.0565990300645773,
        0.040433522039347705,
        0.02814739464453595,
        0.01860642434215985,
        0.011679270855560687,
        0.006783606914108303,
        0.0035527266826243264,
        0.0016777185295673398,
        0.0007331089800444447,
        0.0003203450204250928,
        0.00012952677443553274,
        4.3696780307570616e-05,
        1.3640536771754914e-05,
        1e-05
    ],
    "x_NN": [
        0.0,
        0.615,
        1.277,
        1.994,
        2.775,
        3.634,
        4.587,
        5.657,
        6.878,
        8.3,
        10.0,
        10.0,
        10.0,
        10.0,
        10.0,
        10.0,
        10.0
    ],
    "y_Adadelta": [
        0.48325,
        0.4831875,
        0.483375,
        0.480875,
        0.478625,
        0.4785625,
        0.478625,
        0.476625,
        0.4765,
        0.476875,
        0.4770625,
        0.4770625,
        0.4770625,
        0.4770625,
        0.4770625,
        0.4770625,
        0.4770625
    ],
    "y_Adagrad": [
        0.431375,
        0.426625,
        0.42325,
        0.420375,
        0.4154375,
        0.411125,
        0.4069375,
        0.4008125,
        0.3978125,
        0.395375,
        0.3911875,
        0.3911875,
        0.3911875,
        0.3911875,
        0.3911875,
        0.3911875,
        0.3911875
    ],
    "y_Adam": [
        0.2419375,
        0.2210625,
        0.2019375,
        0.1803125,
        0.1616875,
        0.1428125,
        0.1255,
        0.1099375,
        0.0991875,
        0.0935625,
        0.0865,
        0.0865,
        0.0865,
        0.0865,
        0.0865,
        0.0865,
        0.0865
    ],
    "y_Adamax": [
        0.2565,
        0.2411875,
        0.2259375,
        0.2096875,
        0.1928125,
        0.1791875,
        0.16375,
        0.1533125,
        0.1453125,
        0.139125,
        0.13675,
        0.13675,
        0.13675,
        0.13675,
        0.13675,
        0.13675,
        0.13675
    ],
    "y_Nadam": [
        0.2210625,
        0.1994375,
        0.17825,
        0.1533125,
        0.1295,
        0.1029375,
        0.082,
        0.0625,
        0.04675,
        0.03625,
        0.02875,
        0.02875,
        0.02875,
        0.02875,
        0.02875,
        0.02875,
        0.02875
    ],
    "y_RMSprop": [
        0.295375,
        0.282875,
        0.2685625,
        0.25475,
        0.239875,
        0.2273125,
        0.2123125,
        0.201125,
        0.193125,
        0.1858125,
        0.1819375,
        0.1819375,
        0.1819375,
        0.1819375,
        0.1819375,
        0.1819375,
        0.1819375
    ],
    "y_SGD": [
        0.46725,
        0.465875,
        0.4625,
        0.4613125,
        0.4569375,
        0.4548125,
        0.454375,
        0.45375,
        0.44975,
        0.4469375,
        0.4434375,
        0.4434375,
        0.4434375,
        0.4434375,
        0.4434375,
        0.4434375,
        0.4434375
    ]
}