{
    "x_MAP": [
        0.0,
        0.5,
        1.0,
        1.5,
        2.0,
        2.5,
        3.0,
        3.5,
        4.0,
        4.5,
        5.0,
        5.5,
        6.0,
        6.5,
        7.0,
        7.5,
        8.0,
        8.6
    ],
    "y_MAP": [
        0.13998045980139506,
        0.1109031343115594,
        0.08562178344582902,
        0.06610354022862211,
        0.04722340555418245,
        0.032874104593189374,
        0.02230050032134791,
        0.013998045980139498,
        0.008562178344582902,
        0.004973123145824382,
        0.002814739464453597,
        0.0015524271734347938,
        0.0008343500851569782,
        0.0004601732276513802,
        0.0002063510777876421,
        9.495724149488017e-05,
        4.149325720214717e-05,
        1e-05
    ],
    "x_NN": [
        0.0,
        0.615,
        1.277,
        1.994,
        2.775,
        3.634,
        4.587,
        5.657,
        6.878,
        8.3,
        10.0,
        10.0,
        10.0,
        10.0,
        10.0,
        10.0,
        10.0,
        10.0
    ],
    "y_Adadelta": [
        0.485125,
        0.48575,
        0.48375,
        0.482125,
        0.482375,
        0.481125,
        0.479875,
        0.477,
        0.476375,
        0.474625,
        0.472125,
        0.472125,
        0.472125,
        0.472125,
        0.472125,
        0.472125,
        0.472125,
        0.472125
    ],
    "y_Adagrad": [
        0.463625,
        0.462125,
        0.45775,
        0.455,
        0.45225,
        0.449875,
        0.44625,
        0.445125,
        0.44075,
        0.437875,
        0.4345,
        0.4345,
        0.4345,
        0.4345,
        0.4345,
        0.4345,
        0.4345,
        0.4345
    ],
    "y_Adam": [
        0.26975,
        0.245625,
        0.220125,
        0.18825,
        0.15525,
        0.12775,
        0.092375,
        0.063375,
        0.040125,
        0.02125,
        0.009375,
        0.009375,
        0.009375,
        0.009375,
        0.009375,
        0.009375,
        0.009375,
        0.009375
    ],
    "y_Adamax": [
        0.30325,
        0.28825,
        0.26925,
        0.249125,
        0.22375,
        0.199125,
        0.174,
        0.14825,
        0.122,
        0.10025,
        0.0795,
        0.0795,
        0.0795,
        0.0795,
        0.0795,
        0.0795,
        0.0795,
        0.0795
    ],
    "y_Nadam": [
        0.262125,
        0.24,
        0.215375,
        0.188375,
        0.15775,
        0.1255,
        0.091375,
        0.063625,
        0.041375,
        0.023,
        0.01175,
        0.01175,
        0.01175,
        0.01175,
        0.01175,
        0.01175,
        0.01175,
        0.01175
    ],
    "y_RMSprop": [
        0.361,
        0.352125,
        0.3435,
        0.330875,
        0.3215,
        0.3075,
        0.295,
        0.2835,
        0.270125,
        0.257875,
        0.24525,
        0.24525,
        0.24525,
        0.24525,
        0.24525,
        0.24525,
        0.24525,
        0.24525
    ],
    "y_SGD": [
        0.478875,
        0.475375,
        0.477625,
        0.4795,
        0.477125,
        0.475625,
        0.47875,
        0.47825,
        0.479,
        0.480625,
        0.4795,
        0.4795,
        0.4795,
        0.4795,
        0.4795,
        0.4795,
        0.4795,
        0.4795
    ]
}