{
    "x_MAP": [
        0.0,
        0.5,
        1.0,
        1.5,
        2.0,
        2.5,
        3.0,
        3.5,
        4.0,
        4.5,
        5.0,
        5.5,
        6.0,
        6.5,
        7.0,
        7.5,
        7.6
    ],
    "y_MAP": [
        0.12299505200127775,
        0.09744600632908476,
        0.0752323268712176,
        0.0565990300645773,
        0.040433522039347705,
        0.02814739464453595,
        0.01860642434215985,
        0.011679270855560687,
        0.006783606914108303,
        0.0035527266826243264,
        0.0016777185295673398,
        0.0007331089800444447,
        0.0003203450204250928,
        0.00012952677443553274,
        4.3696780307570616e-05,
        1.3640536771754914e-05,
        1e-05
    ],
    "x_NN": [
        0.0,
        0.615,
        1.277,
        1.994,
        2.775,
        3.634,
        4.587,
        5.657,
        6.878,
        8.3,
        10.0,
        10.0,
        10.0,
        10.0,
        10.0,
        10.0,
        10.0
    ],
    "y_Adadelta": [
        0.46725,
        0.46525,
        0.46475,
        0.465,
        0.4655,
        0.463125,
        0.461125,
        0.46025,
        0.458125,
        0.45625,
        0.449375,
        0.449375,
        0.449375,
        0.449375,
        0.449375,
        0.449375,
        0.449375
    ],
    "y_Adagrad": [
        0.436875,
        0.4335,
        0.428,
        0.423125,
        0.418125,
        0.411,
        0.407125,
        0.404375,
        0.399875,
        0.39675,
        0.39325,
        0.39325,
        0.39325,
        0.39325,
        0.39325,
        0.39325,
        0.39325
    ],
    "y_Adam": [
        0.209875,
        0.187125,
        0.164375,
        0.135375,
        0.10975,
        0.090375,
        0.069125,
        0.052375,
        0.04025,
        0.03275,
        0.028,
        0.028,
        0.028,
        0.028,
        0.028,
        0.028,
        0.028
    ],
    "y_Adamax": [
        0.255625,
        0.243875,
        0.230875,
        0.21025,
        0.19225,
        0.177125,
        0.164125,
        0.152875,
        0.14475,
        0.14025,
        0.136625,
        0.136625,
        0.136625,
        0.136625,
        0.136625,
        0.136625,
        0.136625
    ],
    "y_Nadam": [
        0.23075,
        0.207625,
        0.186,
        0.1615,
        0.138125,
        0.117,
        0.0975,
        0.079375,
        0.064625,
        0.055375,
        0.047375,
        0.047375,
        0.047375,
        0.047375,
        0.047375,
        0.047375,
        0.047375
    ],
    "y_RMSprop": [
        0.292,
        0.276875,
        0.26375,
        0.25,
        0.235375,
        0.220125,
        0.206875,
        0.197,
        0.187625,
        0.181125,
        0.175875,
        0.175875,
        0.175875,
        0.175875,
        0.175875,
        0.175875,
        0.175875
    ],
    "y_SGD": [
        0.46075,
        0.457125,
        0.45275,
        0.45025,
        0.44875,
        0.44725,
        0.4445,
        0.442375,
        0.4385,
        0.438875,
        0.437375,
        0.437375,
        0.437375,
        0.437375,
        0.437375,
        0.437375,
        0.437375
    ]
}