{
    "x_MAP": [
        0.0,
        0.5,
        1.0,
        1.5,
        2.0,
        2.5,
        3.0,
        3.5,
        4.0,
        4.5,
        5.0,
        5.5,
        6.0,
        6.5,
        7.0,
        7.5,
        8.0,
        8.6
    ],
    "y_MAP": [
        0.13998045980139506,
        0.1109031343115594,
        0.08562178344582902,
        0.06610354022862211,
        0.04722340555418245,
        0.032874104593189374,
        0.02230050032134791,
        0.013998045980139498,
        0.008562178344582902,
        0.004973123145824382,
        0.002814739464453597,
        0.0015524271734347938,
        0.0008343500851569782,
        0.0004601732276513802,
        0.0002063510777876421,
        9.495724149488017e-05,
        4.149325720214717e-05,
        1e-05
    ],
    "x_NN": [
        0,
        0.6151980448358363,
        1.2773130026738686,
        1.9940961281304668,
        2.775393958003867,
        3.633978951957732,
        4.5868374895000645,
        5.657255233000498,
        6.878377020609685,
        8.299701720649995,
        10,
        10,
        10,
        10,
        10,
        10,
        10,
        10
    ],
    "y_Adadelta": [
        0.207325875,
        0.175758875,
        0.1422995,
        0.1083015,
        0.075643875,
        0.046741875,
        0.024269625,
        0.00971825,
        0.002621625,
        0.00040075,
        2.575e-05,
        2.575e-05,
        2.575e-05,
        2.575e-05,
        2.575e-05,
        2.575e-05,
        2.575e-05,
        2.575e-05
    ],
    "y_Adagrad": [
        0.195656,
        0.162633375,
        0.12833875,
        0.094342375,
        0.062701125,
        0.036349,
        0.0172535,
        0.006119375,
        0.00139775,
        0.000173,
        9.125e-06,
        9.125e-06,
        9.125e-06,
        9.125e-06,
        9.125e-06,
        9.125e-06,
        9.125e-06,
        9.125e-06
    ],
    "y_Adam": [
        0.16856675,
        0.131949,
        0.096247625,
        0.063732125,
        0.037066375,
        0.018085625,
        0.007049,
        0.002114625,
        0.000438625,
        4.9375e-05,
        1.75e-06,
        1.75e-06,
        1.75e-06,
        1.75e-06,
        1.75e-06,
        1.75e-06,
        1.75e-06,
        1.75e-06
    ],
    "y_Adamax": [
        0.171931,
        0.136527875,
        0.1014575,
        0.06867875,
        0.04101825,
        0.0205395,
        0.008118875,
        0.002404375,
        0.00046025,
        4.7625e-05,
        1.625e-06,
        1.625e-06,
        1.625e-06,
        1.625e-06,
        1.625e-06,
        1.625e-06,
        1.625e-06,
        1.625e-06
    ],
    "y_Nadam": [
        0.168456375,
        0.1319485,
        0.096080875,
        0.0634465,
        0.036849125,
        0.018056875,
        0.0070305,
        0.002097875,
        0.000432,
        5.35e-05,
        2.375e-06,
        2.375e-06,
        2.375e-06,
        2.375e-06,
        2.375e-06,
        2.375e-06,
        2.375e-06,
        2.375e-06
    ],
    "y_RMSprop": [
        0.179897,
        0.14521425,
        0.1102385,
        0.076713625,
        0.0474085,
        0.02482925,
        0.010307875,
        0.003081625,
        0.000606,
        6.4375e-05,
        3.375e-06,
        3.375e-06,
        3.375e-06,
        3.375e-06,
        3.375e-06,
        3.375e-06,
        3.375e-06,
        3.375e-06
    ],
    "y_SGD": [
        0.202968625,
        0.170744875,
        0.1371305,
        0.1030775,
        0.07084425,
        0.0427135,
        0.0214905,
        0.008216375,
        0.0020965,
        0.000287,
        1.575e-05,
        1.575e-05,
        1.575e-05,
        1.575e-05,
        1.575e-05,
        1.575e-05,
        1.575e-05,
        1.575e-05
    ]
}