{
    "x_MAP": [
        0.0,
        0.5,
        1.0,
        1.5,
        2.0,
        2.5,
        3.0,
        3.5,
        4.0,
        4.5,
        5.0,
        5.5,
        6.0,
        6.5,
        7.0,
        7.5,
        7.6
    ],
    "y_MAP": [
        0.12299505200127775,
        0.09744600632908476,
        0.0752323268712176,
        0.0565990300645773,
        0.040433522039347705,
        0.02814739464453595,
        0.01860642434215985,
        0.011679270855560687,
        0.006783606914108303,
        0.0035527266826243264,
        0.0016777185295673398,
        0.0007331089800444447,
        0.0003203450204250928,
        0.00012952677443553274,
        4.3696780307570616e-05,
        1.3640536771754914e-05,
        1e-05
    ],
    "x_NN": [
        0,
        0.6151980448358363,
        1.2773130026738686,
        1.9940961281304668,
        2.775393958003867,
        3.633978951957732,
        4.5868374895000645,
        5.657255233000498,
        6.878377020609685,
        8.299701720649995,
        10,
        10,
        10,
        10,
        10,
        10,
        10
    ],
    "y_Adadelta": [
        0.135616625,
        0.106620125,
        0.078405375,
        0.0527505,
        0.03128075,
        0.015611875,
        0.006099375,
        0.00165375,
        0.00026875,
        2.4e-05,
        1.25e-06,
        1.25e-06,
        1.25e-06,
        1.25e-06,
        1.25e-06,
        1.25e-06,
        1.25e-06
    ],
    "y_Adagrad": [
        0.130382,
        0.10116825,
        0.07314525,
        0.04801925,
        0.027627875,
        0.013153625,
        0.0048025,
        0.00116975,
        0.00015875,
        1.1375e-05,
        1.25e-07,
        1.25e-07,
        1.25e-07,
        1.25e-07,
        1.25e-07,
        1.25e-07,
        1.25e-07
    ],
    "y_Adam": [
        0.125376,
        0.096039125,
        0.068290125,
        0.04379175,
        0.02431775,
        0.010991375,
        0.0036625,
        0.00074575,
        6.625e-05,
        1.5e-06,
        0,
        0,
        0,
        0,
        0,
        0,
        0
    ],
    "y_Adamax": [
        0.124474,
        0.095316125,
        0.0675805,
        0.04307575,
        0.023858,
        0.010673,
        0.003497,
        0.0006925,
        5.2625e-05,
        1.25e-06,
        0,
        0,
        0,
        0,
        0,
        0,
        0
    ],
    "y_Nadam": [
        0.125177625,
        0.095931875,
        0.06815725,
        0.043634625,
        0.024279125,
        0.010939125,
        0.0036575,
        0.00074275,
        6.4625e-05,
        1.625e-06,
        0,
        0,
        0,
        0,
        0,
        0,
        0
    ],
    "y_RMSprop": [
        0.125815125,
        0.096541375,
        0.068816125,
        0.04412775,
        0.024545625,
        0.011101375,
        0.00369225,
        0.00075075,
        6e-05,
        2.125e-06,
        0,
        0,
        0,
        0,
        0,
        0,
        0
    ],
    "y_SGD": [
        0.134039,
        0.104822125,
        0.07674925,
        0.051158375,
        0.030061,
        0.01479525,
        0.00563425,
        0.001491875,
        0.000230625,
        1.8e-05,
        1.25e-06,
        1.25e-06,
        1.25e-06,
        1.25e-06,
        1.25e-06,
        1.25e-06,
        1.25e-06
    ]
}