{
    "x_MAP": [
        0.0,
        0.5,
        1.0,
        1.5,
        2.0,
        2.5,
        3.0,
        3.5,
        4.0,
        4.5,
        5.0,
        5.5,
        6.0,
        6.5,
        7.0,
        7.5,
        8.0,
        8.6
    ],
    "y_MAP": [
        0.13998045980139506,
        0.1109031343115594,
        0.08562178344582902,
        0.06610354022862211,
        0.04722340555418245,
        0.032874104593189374,
        0.02230050032134791,
        0.013998045980139498,
        0.008562178344582902,
        0.004973123145824382,
        0.002814739464453597,
        0.0015524271734347938,
        0.0008343500851569782,
        0.0004601732276513802,
        0.0002063510777876421,
        9.495724149488017e-05,
        4.149325720214717e-05,
        1e-05
    ],
    "x_NN": [
        0.0,
        0.615,
        1.277,
        1.994,
        2.775,
        3.634,
        4.587,
        5.657,
        6.878,
        8.3,
        10.0,
        10.0,
        10.0,
        10.0,
        10.0,
        10.0,
        10.0,
        10.0
    ],
    "y_Adadelta": [
        0.183617875,
        0.15057625,
        0.116809,
        0.08389425,
        0.0542105,
        0.030059875,
        0.0134465,
        0.00440275,
        0.000922125,
        9.3625e-05,
        3.75e-06,
        3.75e-06,
        3.75e-06,
        3.75e-06,
        3.75e-06,
        3.75e-06,
        3.75e-06,
        3.75e-06
    ],
    "y_Adagrad": [
        0.1739765,
        0.140468375,
        0.106561625,
        0.074428625,
        0.046182,
        0.024296375,
        0.01017275,
        0.003089125,
        0.000597,
        6.1625e-05,
        2.5e-06,
        2.5e-06,
        2.5e-06,
        2.5e-06,
        2.5e-06,
        2.5e-06,
        2.5e-06,
        2.5e-06
    ],
    "y_Adam": [
        0.154456125,
        0.11913675,
        0.085138,
        0.0552515,
        0.031405625,
        0.01501425,
        0.005784375,
        0.001762875,
        0.0003955,
        5.0875e-05,
        2.75e-06,
        2.75e-06,
        2.75e-06,
        2.75e-06,
        2.75e-06,
        2.75e-06,
        2.75e-06,
        2.75e-06
    ],
    "y_Adamax": [
        0.15144475,
        0.117301875,
        0.08438625,
        0.0549245,
        0.03131975,
        0.0149025,
        0.005713875,
        0.00163175,
        0.00032975,
        3.15e-05,
        1.25e-06,
        1.25e-06,
        1.25e-06,
        1.25e-06,
        1.25e-06,
        1.25e-06,
        1.25e-06,
        1.25e-06
    ],
    "y_Nadam": [
        0.15403125,
        0.118704,
        0.085010875,
        0.05501275,
        0.031229125,
        0.014932,
        0.005761625,
        0.00168625,
        0.000343,
        3.8125e-05,
        7.5e-07,
        7.5e-07,
        7.5e-07,
        7.5e-07,
        7.5e-07,
        7.5e-07,
        7.5e-07,
        7.5e-07
    ],
    "y_RMSprop": [
        0.15687775,
        0.122691875,
        0.0891055,
        0.058804375,
        0.034003625,
        0.016476125,
        0.00628275,
        0.001789375,
        0.000328875,
        3.175e-05,
        8.75e-07,
        8.75e-07,
        8.75e-07,
        8.75e-07,
        8.75e-07,
        8.75e-07,
        8.75e-07,
        8.75e-07
    ],
    "y_SGD": [
        0.18144525,
        0.14837825,
        0.1145055,
        0.081718,
        0.05224875,
        0.028608375,
        0.012588875,
        0.0040535,
        0.0008265,
        8.6125e-05,
        3.75e-06,
        3.75e-06,
        3.75e-06,
        3.75e-06,
        3.75e-06,
        3.75e-06,
        3.75e-06,
        3.75e-06
    ]
}