{
    "x_MAP": [
        0.0,
        0.5,
        1.0,
        1.5,
        2.0,
        2.5,
        3.0,
        3.5,
        4.0,
        4.5,
        5.0,
        5.5,
        6.0,
        6.5,
        7.0,
        7.5,
        7.6
    ],
    "y_MAP": [
        0.12299505200127775,
        0.09744600632908476,
        0.0752323268712176,
        0.0565990300645773,
        0.040433522039347705,
        0.02814739464453595,
        0.01860642434215985,
        0.011679270855560687,
        0.006783606914108303,
        0.0035527266826243264,
        0.0016777185295673398,
        0.0007331089800444447,
        0.0003203450204250928,
        0.00012952677443553274,
        4.3696780307570616e-05,
        1.3640536771754914e-05,
        1e-05
    ],
    "x_NN": [
        0.0,
        0.615,
        1.277,
        1.994,
        2.775,
        3.634,
        4.587,
        5.657,
        6.878,
        8.3,
        10.0,
        10.0,
        10.0,
        10.0,
        10.0,
        10.0,
        10.0
    ],
    "y_Adadelta": [
        0.133135875,
        0.103973875,
        0.0759485,
        0.0505965,
        0.0296525,
        0.0144805,
        0.00548825,
        0.0013845,
        0.00019375,
        1.35e-05,
        7.5e-07,
        7.5e-07,
        7.5e-07,
        7.5e-07,
        7.5e-07,
        7.5e-07,
        7.5e-07
    ],
    "y_Adagrad": [
        0.12752075,
        0.098296,
        0.070419375,
        0.045554625,
        0.025656875,
        0.0117835,
        0.003983125,
        0.00083375,
        7.475e-05,
        1.875e-06,
        0.0,
        0.0,
        0.0,
        0.0,
        0.0,
        0.0,
        0.0
    ],
    "y_Adam": [
        0.12501175,
        0.095761,
        0.068114375,
        0.043640625,
        0.024298375,
        0.010987,
        0.00367175,
        0.00075125,
        6.4e-05,
        1.375e-06,
        0.0,
        0.0,
        0.0,
        0.0,
        0.0,
        0.0,
        0.0
    ],
    "y_Adamax": [
        0.124491125,
        0.09522375,
        0.067586375,
        0.043135125,
        0.023952375,
        0.010744,
        0.003522625,
        0.000702,
        5.8375e-05,
        1.125e-06,
        0.0,
        0.0,
        0.0,
        0.0,
        0.0,
        0.0,
        0.0
    ],
    "y_Nadam": [
        0.12498125,
        0.0957575,
        0.06803325,
        0.043576625,
        0.0242185,
        0.010921875,
        0.003626,
        0.00073475,
        6.4875e-05,
        1e-06,
        0.0,
        0.0,
        0.0,
        0.0,
        0.0,
        0.0,
        0.0
    ],
    "y_RMSprop": [
        0.124577875,
        0.095385125,
        0.067683125,
        0.0431665,
        0.023920125,
        0.010730625,
        0.003515625,
        0.000703125,
        5.55e-05,
        1.25e-06,
        0.0,
        0.0,
        0.0,
        0.0,
        0.0,
        0.0,
        0.0
    ],
    "y_SGD": [
        0.13124475,
        0.10206925,
        0.074167375,
        0.04891925,
        0.028328625,
        0.013647875,
        0.00501825,
        0.00123325,
        0.000157125,
        1.075e-05,
        3.75e-07,
        3.75e-07,
        3.75e-07,
        3.75e-07,
        3.75e-07,
        3.75e-07,
        3.75e-07
    ]
}